Workbook

Sheet PERGINE
A1: Servizio | B1: Linea | C1: n. corsa | D1: ora part. | E1: ora arr. | F1: percorso | G1: frequenza | H1: Km corsa/servizio | I1: Posti autobus | J1: nr. Gg | K1: Tot km | L1: n° riga | M1: Esito | N1: DITTA | O1: MEZZO TITOLARE | P1: posti mezzo titolare | Q1: MEZZO DI RISERVA 1 | R1: posti mezzo di riserva 1 | S1: MEZZO DI RISERVA 2 | T1: posti mezzo di riserva 2 | U1: MEZZO DI SUPPORTO | V1: posti mezzo di supporto | W1: conferma servizi ditta | X1: frequenza CTA | Y1: tariffa 2025/2026 | Z1: tariffa/km 2025/2026 | AA1: costo annuo | AB1: nota gg (set-mag)
A2: SERVIZIO URBANO PERGINE VALSUGANA | B2: 1 | C2: 487 | D2: 0.29722222 | E2: 0.30555556 | F2: Madrano-Pergine | G2: invernale feriale dal lunedì al sabato | H2: 4.5 | I2: 23 | J2: 218 | K2: =J2*H2 -> 981 | L2: 1 | N2: VALBUS S.R.L. | O2: FL786HC | P2: 24 | Q2: GP809YY | R2: 22 | S2: GP809YY | T2: 22 | X2: invernale feriale lu-sa | Y2: 18.279517 | Z2: 4.0621148 | AA2: =Y2*J2 -> 3984.9346 | AB2: da PDF
A3: SERVIZIO URBANO PERGINE VALSUGANA | B3: 1 | C3: 487 | D3: 0.30069444 | E3: 0.30902778 | F3: Madrano-Pergine | G3: estiva feriale dal lunedì al sabato | H3: 4.5 | I3: 23 | J3: 8 | K3: =J3*H3 -> 36 | L3: 2 | N3: VALBUS S.R.L. | O3: FL786HC | P3: 24 | Q3: GP809YY | R3: 22 | S3: GP809YY | T3: 22 | X3: estiva feriale lu-sa | Y3: 18.279517 | Z3: 4.0621148 | AA3: =Y3*J3 -> 146.23613 | AB3: da PDF
A4: SERVIZIO URBANO PERGINE VALSUGANA | B4: 1 | C4: 422-399 | D4: 0.32986111 | E4: 0.35486111 | F4: Pergine - Nogarè -Nogarè - Pergine | G4: estiva feriale dal lunedì al venerdì | H4: 14 | I4: 22 | J4: 7 | K4: =J4*H4 -> 98 | L4: 3 | N4: VALBUS S.R.L. | O4: FL786HC | P4: 24 | Q4: GP809YY | R4: 22 | S4: GP809YY | T4: 22 | X4: estiva feriale lu-ve | Y4: 56.869607 | Z4: 4.0621148 | AA4: =Y4*J4 -> 398.08725 | AB4: da PDF
A5: SERVIZIO URBANO PERGINE VALSUGANA | B5: 1 | C5: 420-401 | D5: 0.45972222 | E5: 0.48472222 | F5: Pergine - Nogarè -Nogarè - Pergine | G5: invernale feriale dal lunedì al sabato | H5: 14 | I5: 23 | J5: 218 | K5: =J5*H5 -> 3052 | L5: 4 | N5: VALBUS S.R.L. | O5: FL786HC | P5: 24 | Q5: GP809YY | R5: 22 | S5: GP809YY | T5: 22 | X5: invernale feriale lu-sa | Y5: 56.869607 | Z5: 4.0621148 | AA5: =Y5*J5 -> 12397.574 | AB5: da PDF
A6: SERVIZIO URBANO PERGINE VALSUGANA | B6: 1 | C6: 420-401 | D6: 0.45972222 | E6: 0.48472222 | F6: Pergine - Nogarè -Nogarè - Pergine | G6: estiva feriale dal lunedì al sabato | H6: 14 | I6: 22 | J6: 8 | K6: =J6*H6 -> 112 | L6: 5 | N6: VALBUS S.R.L. | O6: FL786HC | P6: 24 | Q6: GP809YY | R6: 22 | S6: GP809YY | T6: 22 | X6: estiva feriale lu-sa | Y6: 56.869607 | Z6: 4.0621148 | AA6: =Y6*J6 -> 454.95686 | AB6: da PDF
A7: SERVIZIO URBANO PERGINE VALSUGANA | B7: 1 | C7: 96-483 | D7: 0.50416667 | E7: 0.52847222 | F7: Pergine - Nogarè -Nogarè - Pergine | G7: scolastica dal lunedì al sabato | H7: 14 | I7: 22 | J7: 198 | K7: =J7*H7 -> 2772 | L7: 6 | N7: ZAMPEDRI STEFANO | O7: GT675ZH | P7: 21 | Q7: FE022HG | R7: 21 | S7: FE022HG | T7: 21 | W7: sì | X7: scolastica lu-sa | Y7: 48.575327 | Z7: 3.4696662 | AA7: =Y7*J7 -> 9617.9147 | AB7: da PDF
A8: SERVIZIO URBANO PERGINE VALSUGANA | B8: 1 | C8: 96 | D8: 0.50416667 | E8: 0.51597222 | F8: Pergine-Nogarè | G8: estiva feriale dal lunedì al venerdì + invernale non scolastico dal lunedì al venerdì | H8: 7 | I8: 22 | J8: 25 | K8: =J8*H8 -> 175 | L8: 7 | N8: ZAMPEDRI STEFANO | O8: GT675ZH | P8: 21 | Q8: FE022HG | R8: 21 | S8: FE022HG | T8: 21 | W8: sì | X8: estiva feriale lu-ve + no scol lu-ve | Y8: 24.287663 | Z8: 3.4696662 | AA8: =Y8*J8 -> 607.19158 | AB8: da PDF
A9: SERVIZIO URBANO PERGINE VALSUGANA | B9: 1 | C9: 96 | D9: 0.50416667 | E9: 0.51597222 | F9: Pergine-Nogarè | G9: estiva feriale solo al sabato + invernale non scolastico solo al sabato | H9: 7 | I9: 22 | J9: 3 | K9: =J9*H9 -> 21 | L9: 8 | N9: ZAMPEDRI STEFANO | O9: GT675ZH | P9: 21 | Q9: FE022HG | R9: 21 | S9: FE022HG | T9: 21 | W9: sì | X9: estiva feriale sa + no scol sa | Y9: 24.287663 | Z9: 3.4696662 | AA9: =Y9*J9 -> 72.86299 | AB9: da PDF
A10: SERVIZIO URBANO PERGINE VALSUGANA | B10: 1 | C10: 97 | D10: 0.55 | E10: 0.56180556 | F10: Nogarè -Pergine | G10: non scolastica feriale dal lunedì al sabato | H10: 7 | I10: 22 | J10: 20 | K10: =J10*H10 -> 140 | L10: 9 | N10: ITALBUS S.N.C. DI CASAGRANDE ARMANDO E CHRISTIAN & C. | O10: GE440VX | P10: 24 | Q10: GP876HE | R10: 23 | S10: EV877GJ | T10: 21 | W10: sì | X10: invernale feriale no scol lu-sa | Y10: 18.117685 | Z10: 2.5882407 | AA10: =Y10*J10 -> 362.3537 | AB10: da PDF
A11: SERVIZIO URBANO PERGINE VALSUGANA | B11: 1 | C11: 97 | D11: 0.55 | E11: 0.56180556 | F11: Nogarè -Pergine | G11: estiva feriale dal lunedì al sabato | H11: 7 | I11: 22 | J11: 8 | K11: =J11*H11 -> 56 | L11: 10 | N11: ITALBUS S.N.C. DI CASAGRANDE ARMANDO E CHRISTIAN & C. | O11: GE440VX | P11: 24 | Q11: GP876HE | R11: 23 | S11: EV877GJ | T11: 21 | W11: sì | X11: estiva feriale lu-sa | Y11: 18.117685 | Z11: 2.5882407 | AA11: =Y11*J11 -> 144.94148 | AB11: da PDF
A12: SERVIZIO URBANO PERGINE VALSUGANA | B12: 1 | C12: 622 | D12: 0.57291667 | E12: 0.57986111 | F12: Pergine-Canzolino | G12: scolastica dal lunedì al venerdì | H12: 4 | I12: 22 | J12: 164 | K12: =J12*H12 -> 656 | L12: 11 | N12: ITALBUS S.N.C. DI CASAGRANDE ARMANDO E CHRISTIAN & C. | O12: GE440VX | P12: 24 | Q12: GP876HE | R12: 23 | S12: EV877GJ | T12: 21 | W12: sì | X12: scolastica lu-ve | Y12: 10.352963 | Z12: 2.5882407 | AA12: =Y12*J12 -> 1697.8859 | AB12: ripartito: blocco PDF su righe sdoppiate (164 + differenza alla gemella)
A13: SERVIZIO URBANO PERGINE VALSUGANA | B13: 1 | C13: 622 | D13: 0.57291667 | E13: 0.57986111 | F13: Pergine-Canzolino | G13: scolastica sabato | H13: 4 | I13: 22 | J13: 34 | K13: =J13*H13 -> 136 | L13: 11 BIS | N13: VALBUS S.R.L. | O13: FL786HC | P13: 24 | Q13: GP809YY | R13: 22 | S13: GP809YY | T13: 22 | W13: sì | X13: scolastica sa | Y13: 16.248459 | Z13: 4.0621148 | AA13: =Y13*J13 -> 552.44761 | AB13: stimato dalla frequenza (riga sdoppiata per corsa)
A14: SERVIZIO URBANO PERGINE VALSUGANA | B14: 1 | C14: 588-589 | D14: 0.67013889 | E14: 0.68263889 | F14: Pergine - Nogarè -Nogarè - Pergine | G14: estiva feriale dal lunedì al venerdì | H14: 14 | I14: 19 | J14: 7 | K14: =J14*H14 -> 98 | L14: 13 | N14: FERSINA TOUR S.R.L | O14: GG078PN | P14: 21 | Q14: FR820WP | R14: 21 | S14: FM703MA | T14: 10 | W14: sì | X14: estiva feriale lu-ve | Y14: 49.1022 | Z14: 3.5073 | AA14: =Y14*J14 -> 343.7154 | AB14: da PDF
A15: SERVIZIO URBANO PERGINE VALSUGANA | B15: 1 | C15: 588-589 | D15: 0.67013889 | E15: 0.69444444 | F15: Pergine - Nogarè -Nogarè - Pergine | G15: invernale feriale dal lunedì al venerdì | H15: 14 | I15: 19 | J15: 182 | K15: =J15*H15 -> 2548 | L15: 14 | N15: FERSINA TOUR S.R.L | O15: GG078PN | P15: 21 | Q15: FR820WP | R15: 21 | S15: FM703MA | T15: 10 | W15: sì | X15: invernale feriale lu-ve | Y15: 49.1022 | Z15: 3.5073 | AA15: =Y15*J15 -> 8936.6004 | AB15: da PDF
A16: SERVIZIO URBANO PERGINE VALSUGANA | B16: 1 | C16: 480-485 | D16: 0.75277778 | E16: 0.77777778 | F16: Pergine - Nogarè -Nogarè - Pergine | G16: invernale feriale dal lunedì al venerdì | H16: 14 | I16: 22 | J16: 182 | K16: =J16*H16 -> 2548 | L16: 15 | N16: ITALBUS S.N.C. DI CASAGRANDE ARMANDO E CHRISTIAN & C. | O16: GE440VX | P16: 24 | Q16: GP876HE | R16: 23 | S16: EV877GJ | T16: 21 | W16: sì | X16: invernale feriale lu-ve | Y16: 36.23537 | Z16: 2.5882407 | AA16: =Y16*J16 -> 6594.8374 | AB16: ripartito: blocco PDF su righe sdoppiate (182 + differenza alla gemella)
A17: SERVIZIO URBANO PERGINE VALSUGANA | B17: 1 | C17: 480-485 | D17: 0.75277778 | E17: 0.77777778 | F17: Pergine - Nogarè -Nogarè - Pergine | G17: estiva feriale dal lunedì al venerdì | H17: 14 | I17: 22 | J17: 7 | K17: =J17*H17 -> 98 | L17: 15 | N17: FERSINA TOUR S.R.L | O17: GG078PN | P17: 21 | Q17: FR820WP | R17: 21 | S17: FM703MA | T17: 10 | X17: estiva feriale lu-ve | Y17: 49.1022 | Z17: 3.5073 | AA17: =Y17*J17 -> 343.7154 | AB17: stimato dalla frequenza (riga sdoppiata per corsa)
A18: SERVIZIO URBANO PERGINE VALSUGANA | B18: 2 | C18: 600 | D18: 0.28125 | E18: 0.30555556 | F18: Pergine-Canezza-Viarago-Serso-Canezza-Pergine | G18: invernale feriale dal lunedì al sabato | H18: 12.8 | I18: 19 | J18: 218 | K18: =J18*H18 -> 2790.4 | L18: 16 | N18: FERSINA TOUR S.R.L | O18: GG078PN | P18: 21 | Q18: FR820WP | R18: 21 | S18: FM703MA | T18: 10 | W18: sì | X18: invernale feriale lu-sa | Y18: 44.89344 | Z18: 3.5073 | AA18: =Y18*J18 -> 9786.7699 | AB18: da PDF
A19: SERVIZIO URBANO PERGINE VALSUGANA | B19: 2 | C19: 600 | D19: 0.28125 | E19: 0.31041667 | F19: Pergine-Canezza-Viarago-Serso-Canezza-Pergine | G19: estiva feriale dal lunedì al sabato | H19: 12.8 | I19: 19 | J19: 8 | K19: =J19*H19 -> 102.4 | L19: 17 | N19: ITALBUS S.N.C. DI CASAGRANDE ARMANDO E CHRISTIAN & C. | O19: GP876HE | P19: 23 | Q19: EV877GJ | R19: 21 | S19: GE440VX | T19: 24 | W19: sì | X19: estiva feriale lu-sa | Y19: 33.129481 | Z19: 2.5882407 | AA19: =Y19*J19 -> 265.03585 | AB19: da PDF
A20: SERVIZIO URBANO PERGINE VALSUGANA | B20: 2 | C20: 602 | D20: 0.46180556 | E20: 0.48402778 | F20: Pergine-Canezza-Viarago-Serso-Canezza-Pergine | G20: estiva feriale dal lunedì al sabato | H20: 12.8 | I20: 19 | J20: 8 | K20: =J20*H20 -> 102.4 | L20: 18 | N20: FERSINA TOUR S.R.L | O20: GG078PN | P20: 21 | Q20: FR820WP | R20: 21 | S20: FM703MA | T20: 10 | W20: sì | X20: estiva feriale lu-sa | Y20: 44.89344 | Z20: 3.5073 | AA20: =Y20*J20 -> 359.14752 | AB20: da PDF
A21: SERVIZIO URBANO PERGINE VALSUGANA | B21: 2 | C21: 604 | D21: 0.71041667 | E21: 0.73958333 | F21: Pergine-Canezza-Viarago-Serso-Canezza-Pergine | G21: invernale feriale dal lunedì al venerdì | H21: 12.8 | I21: 23 | J21: 182 | K21: =J21*H21 -> 2329.6 | L21: 19 | N21: VALBUS S.R.L. | O21: FL786HC | P21: 24 | Q21: GP809YY | R21: 22 | S21: GP809YY | T21: 22 | X21: invernale feriale lu-ve | Y21: 51.995069 | Z21: 4.0621148 | AA21: =Y21*J21 -> 9463.1026 | AB21: da PDF
A22: SERVIZIO URBANO PERGINE VALSUGANA | B22: 2 | C22: 604 | D22: 0.71041667 | E22: 0.73958333 | F22: Pergine-Canezza-Viarago-Serso-Canezza-Pergine | G22: estiva feriale dal lunedì al venerdì | H22: 12.8 | I22: 23 | J22: 7 | K22: =J22*H22 -> 89.6 | L22: 20 | N22: VALBUS S.R.L. | O22: FL786HC | P22: 24 | Q22: GP809YY | R22: 22 | S22: GP809YY | T22: 22 | X22: estiva feriale lu-ve | Y22: 51.995069 | Z22: 4.0621148 | AA22: =Y22*J22 -> 363.96549 | AB22: da PDF
A23: SERVIZIO URBANO PERGINE VALSUGANA | B23: 3 | C23: 475 | D23: 0.3125 | E23: 0.32291667 | F23: Zava-Pergine | G23: scolastica dal lunedì al sabato | H23: 7 | I23: 22 | J23: 198 | K23: =J23*H23 -> 1386 | L23: 21 | N23: VALBUS S.R.L. | O23: FL786HC | P23: 24 | Q23: GP809YY | R23: 22 | S23: GP809YY | T23: 22 | X23: scolastica lu-sa | Y23: 28.434804 | Z23: 4.0621148 | AA23: =Y23*J23 -> 5630.0911 | AB23: da PDF
A24: SERVIZIO URBANO PERGINE VALSUGANA | B24: 3 | C24: 452 | D24: 0.55138889 | E24: 0.5625 | F24: Marie Curie - Pergine - Assizzi-Masetti - Zava | G24: scolastica sabato | H24: 9.3 | I24: 23 | J24: 34 | K24: =J24*H24 -> 316.2 | L24: 22 | N24: VALBUS S.R.L. | O24: FL786HC | P24: 24 | Q24: GP809YY | R24: 22 | S24: GP809YY | T24: 22 | X24: scolastica sa | Y24: 37.777668 | Z24: 4.0621148 | AA24: =Y24*J24 -> 1284.4407 | AB24: da PDF
A25: SERVIZIO URBANO PERGINE VALSUGANA | B25: 3 | C25: 452 | D25: 0.56597222 | E25: 0.57430556 | F25: Pergine - Assizzi-Masetti - Zava | G25: scolastica dal lunedì al venerdì | H25: 9.3 | I25: 23 | J25: 164 | K25: =J25*H25 -> 1525.2 | L25: 23 | N25: VALBUS S.R.L. | O25: FL786HC | P25: 24 | Q25: GP809YY | R25: 22 | S25: GP809YY | T25: 22 | X25: scolastica lu-ve | Y25: 37.777668 | Z25: 4.0621148 | AA25: =Y25*J25 -> 6195.5375 | AB25: da PDF
A26: SERVIZIO URBANO PERGINE VALSUGANA | B26: 4 | C26: 498-505 | D26: 0.35902778 | E26: 0.37291667 | F26: Pergine-Ischia-Ischia-Pergine | G26: estiva feriale dal lunedì al sabato | H26: 9.6 | I26: 22 | J26: 8 | K26: =J26*H26 -> 76.8 | L26: 24 | N26: VALBUS S.R.L. | O26: FL786HC | P26: 24 | Q26: GP809YY | R26: 22 | S26: GP809YY | T26: 22 | X26: estiva feriale lu-sa | Y26: 38.996302 | Z26: 4.0621148 | AA26: =Y26*J26 -> 311.97042 | AB26: da PDF
A27: SERVIZIO URBANO PERGINE VALSUGANA | B27: 4 | C27: 502-509 | D27: 0.48402778 | E27: 0.49791667 | F27: Pergine-Ischia-Ischia-Pergine | G27: feriale dal lunedì al sabato | H27: 9.6 | I27: 20 | J27: 226 | K27: =J27*H27 -> 2169.6 | L27: 25 | N27: ZAMPEDRI STEFANO | O27: GT675ZH | P27: 21 | Q27: FE022HG | R27: 21 | S27: FE022HG | T27: 21 | W27: sì | X27: annuale feriale lu-sa | Y27: 33.308795 | Z27: 3.4696662 | AA27: =Y27*J27 -> 7527.7878 | AB27: da PDF
A28: SERVIZIO URBANO PERGINE VALSUGANA | B28: 4 | C28: 270 | D28: 0.55902778 | E28: 0.56875 | F28: Pergine via S.Pietro-Intermodale-Ischia | G28: scolastica dal lunedì al venerdì | H28: 6.3 | I28: 20 | J28: 164 | K28: =J28*H28 -> 1033.2 | L28: 26 | N28: FERSINA TOUR S.R.L | O28: FZ194KS | P28: 24 | Q28: FR820WP | R28: 21 | S28: FM703MA | T28: 10 | X28: scolastica lu-ve | Y28: 22.09599 | Z28: 3.5073 | AA28: =Y28*J28 -> 3623.7423 | AB28: da PDF
A29: SERVIZIO URBANO PERGINE VALSUGANA | B29: 4 | C29: 504-511 | D29: 0.71180556 | E29: 0.72569444 | F29: Pergine-Ischia-Ischia-Pergine | G29: estiva feriale dal lunedì al venerdì | H29: 9.6 | I29: 20 | J29: 7 | K29: =J29*H29 -> 67.2 | L29: 27 | N29: ZAMPEDRI STEFANO | O29: GT675ZH | P29: 21 | Q29: FE022HG | R29: 21 | S29: FE022HG | T29: 21 | W29: sì | X29: estiva feriale lu-ve | Y29: 33.308795 | Z29: 3.4696662 | AA29: =Y29*J29 -> 233.16157 | AB29: da PDF
A30: SERVIZIO URBANO PERGINE VALSUGANA | B30: 4 | C30: 504-511 | D30: 0.71180556 | E30: 0.73402778 | F30: Pergine-Ischia-Ischia-Pergine | G30: invernale feriale dal lunedì al venerdì | H30: 9.6 | I30: 20 | J30: 182 | K30: =J30*H30 -> 1747.2 | L30: 28 | N30: ZAMPEDRI STEFANO | O30: GT675ZH | P30: 21 | Q30: FE022HG | R30: 21 | S30: FE022HG | T30: 21 | W30: sì | X30: invernale feriale lu-ve | Y30: 33.308795 | Z30: 3.4696662 | AA30: =Y30*J30 -> 6062.2008 | AB30: da PDF
A31: SERVIZIO URBANO PERGINE VALSUGANA | B31: 4 | C31: 504-511 | D31: 0.71875 | E31: 0.72361111 | F31: Ischia - Tenna-Tenna - Ischia | G31: scolastica dal lunedì al venerdì | H31: 7 | I31: 20 | J31: 164 | K31: =J31*H31 -> 1148 | L31: 29 | N31: ZAMPEDRI STEFANO | O31: GT675ZH | P31: 21 | Q31: FE022HG | R31: 21 | S31: FE022HG | T31: 21 | W31: sì | X31: scolastica lu-ve | Y31: 24.287663 | Z31: 3.4696662 | AA31: =Y31*J31 -> 3983.1768 | AB31: da PDF
A32: SERVIZIO URBANO PERGINE VALSUGANA | B32: 5 | C32: 479 | D32: 0.27291667 | E32: 0.28680556 | F32: Masi (Valcanover) - S. Caterina-San Cristoforo | G32: scolastica dal lunedì al sabato | H32: 8 | I32: 20 | J32: 198 | K32: =J32*H32 -> 1584 | L32: 30 | N32: ITALBUS S.N.C. DI CASAGRANDE ARMANDO E CHRISTIAN & C. | O32: EV877GJ | P32: 21 | Q32: GP876HE | R32: 23 | S32: GE440VX | T32: 24 | W32: sì | X32: scolastica lu-sa | Y32: 20.705926 | Z32: 2.5882407 | AA32: =Y32*J32 -> 4099.7733 | AB32: da PDF
A33: SERVIZIO URBANO PERGINE VALSUGANA | B33: 5 | C33: 215 | D33: 0.27916667 | E33: 0.29097222 | F33: Maso Gretter - S.Vito - Susà-Pergine | G33: scolastica dal lunedì al sabato | H33: 5.85 | I33: 23 | J33: 198 | K33: =J33*H33 -> 1158.3 | L33: 31 | N33: ITALBUS S.N.C. DI CASAGRANDE ARMANDO E CHRISTIAN & C. | O33: GE440VX | P33: 24 | Q33: GP876HE | R33: 23 | S33: EV877GJ | T33: 21 | W33: sì | X33: scolastica lu-sa | Y33: 15.141208 | Z33: 2.5882407 | AA33: =Y33*J33 -> 2997.9592 | AB33: da PDF
A34: SERVIZIO URBANO PERGINE VALSUGANA extracapitolato | B34: 5 | C34: 215 | D34: 0.28125 | E34: 0.29097222 | F34: S.Vito-Susà-Pergine | G34: estiva feriale dal lunedì al sabato | H34: 5 | I34: 23 | J34: 8 | K34: =J34*H34 -> 40 | L34: 32 | N34: ITALBUS S.N.C. DI CASAGRANDE ARMANDO E CHRISTIAN & C. | O34: GE440VX | P34: 24 | Q34: GP876HE | R34: 23 | S34: EV877GJ | T34: 21 | W34: sì | X34: estiva feriale lu-sa | Y34: 12.941204 | Z34: 2.5882407 | AA34: =Y34*J34 -> 103.52963 | AB34: da PDF
A35: SERVIZIO URBANO PERGINE VALSUGANA | B35: 5 | C35: 459 | D35: 0.28680556 | E35: 0.31111111 | F35: Masi - S. Caterina- Pergine | G35: scolastica dal lunedì al venerdì | H35: 13.8 | I35: 20 | J35: 164 | K35: =J35*H35 -> 2263.2 | L35: 33 | N35: ITALBUS S.N.C. DI CASAGRANDE ARMANDO E CHRISTIAN & C. | O35: EV877GJ | P35: 21 | Q35: GP876HE | R35: 23 | S35: GE440VX | T35: 24 | W35: sì | X35: scolastica lu-ve | Y35: 35.717722 | Z35: 2.5882407 | AA35: =Y35*J35 -> 5857.7064 | AB35: da PDF
A36: SERVIZIO URBANO PERGINE VALSUGANA | B36: 5 | C36: 459 | D36: 0.30555556 | E36: 0.32777778 | F36: Masi - S. Caterina- Pergine | G36: scolastica sabato | H36: 13.8 | I36: 20 | J36: 34 | K36: =J36*H36 -> 469.2 | L36: 34 | N36: ITALBUS S.N.C. DI CASAGRANDE ARMANDO E CHRISTIAN & C. | O36: EV877GJ | P36: 21 | Q36: GP876HE | R36: 23 | S36: GE440VX | T36: 24 | W36: sì | X36: scolastica sa | Y36: 35.717722 | Z36: 2.5882407 | AA36: =Y36*J36 -> 1214.4025 | AB36: da PDF
A37: SERVIZIO URBANO PERGINE VALSUGANA | B37: 5 | C37: 521 | D37: 0.29513889 | E37: 0.3 | F37: Canale -Pergine (diretta) | G37: scolastica dal lunedì al venerdì | H37: 2.9 | I37: 20 | J37: 164 | K37: =J37*H37 -> 475.6 | L37: 35 | N37: ZAMPEDRI STEFANO | O37: GT675ZH | P37: 21 | Q37: FE022HG | R37: 21 | S37: FE022HG | T37: 21 | W37: sì | X37: scolastica lu-ve | Y37: 10.062032 | Z37: 3.4696662 | AA37: =Y37*J37 -> 1650.1732 | AB37: da PDF
A38: SERVIZIO URBANO PERGINE VALSUGANA | B38: 5 | C38: 521 | D38: 0.3 | E38: 0.30694444 | F38: Canale - Susà- Pergine | G38: estiva feriale dal lunedì al sabato + invernale non scolastico dal lunedì al sabato | H38: 4 | I38: 20 | J38: 28 | K38: =J38*H38 -> 112 | L38: 36 | N38: ZAMPEDRI STEFANO | O38: GT675ZH | P38: 21 | Q38: FE022HG | R38: 21 | S38: FE022HG | T38: 21 | W38: sì | X38: estiva feriale lu-sa + no scol lu-sa | Y38: 13.878665 | Z38: 3.4696662 | AA38: =Y38*J38 -> 388.60261 | AB38: da PDF (testo frequenza troncato nel PDF)
A39: SERVIZIO URBANO PERGINE VALSUGANA | B39: 5 | C39: 521 | D39: 0.3 | E39: 0.30694444 | F39: Canale - Susà- Pergine | G39: scolastica sabato | H39: 4 | I39: 20 | J39: 34 | K39: =J39*H39 -> 136 | L39: 37 | N39: ZAMPEDRI STEFANO | O39: GT675ZH | P39: 21 | Q39: FE022HG | R39: 21 | S39: FE022HG | T39: 21 | W39: sì | X39: scolastica sa | Y39: 13.878665 | Z39: 3.4696662 | AA39: =Y39*J39 -> 471.8746 | AB39: stimato dalla frequenza (riga sdoppiata per corsa)
A40: SERVIZIO URBANO PERGINE VALSUGANA | B40: 5 | C40: 521 | D40: 0.30208333 | E40: 0.30694444 | F40: Susà- Pergine | G40: scolastica dal lunedì al venerdì | H40: 2.3 | I40: 20 | J40: 164 | K40: =J40*H40 -> 377.2 | L40: 38 | N40: ZAMPEDRI STEFANO | O40: GT675ZH | P40: 21 | Q40: FE022HG | R40: 21 | S40: FE022HG | T40: 21 | W40: sì | X40: scolastica lu-ve | Y40: 7.9802323 | Z40: 3.4696662 | AA40: =Y40*J40 -> 1308.7581 | AB40: da PDF
... A42: SERVIZIO URBANO PERGINE VALSUGANA | B42: 5 | C42: 520-523 | D42: 0.35763889 | E42: 0.37222222 | F42: Pergine - Susà - Canale-Canale - Pergine | G42: invernale feriale dal lunedì al sabato | H42: 8 | I42: 20 | J42: 218 | K42: =J42*H42 -> 1744 | L42: 40 | N42: ITALBUS S.N.C. DI CASAGRANDE ARMANDO E CHRISTIAN & C. | O42: EV877GJ | P42: 21 | Q42: GP876HE | R42: 23 | S42: GE440VX | T42: 24 | W42: sì | X42: invernale feriale lu-sa | Y42: 20.705926 | Z42: 2.5882407 | AA42: =Y42*J42 -> 4513.8918 | AB42: da PDF
A43: SERVIZIO URBANO PERGINE VALSUGANA | B43: 5 | C43: 607 | D43: 0.39930556 | E43: 0.41527778 | F43: S.Vito-S.Caterina-Pergine | G43: feriale solo al martedì e al sabato | H43: 10 | I43: 23 | J43: 74 | K43: =J43*H43 -> 740 | L43: 41 | N43: VALBUS S.R.L. | O43: FL786HC | P43: 24 | Q43: GP809YY | R43: 22 | S43: GP809YY | T43: 22 | X43: annuale feriale ma, sa | Y43: 40.621148 | Z43: 4.0621148 | AA43: =Y43*J43 -> 3005.965 | AB43: da PDF
A44: SERVIZIO URBANO PERGINE VALSUGANA | B44: 5 | C44: 607 | D44: 0.39930556 | E44: 0.40902778 | F44: S.Vito-Pergine | G44: invernale solo al lunedì e al giovedì feriale | H44: 5 | I44: 22 | J44: 74 | K44: =J44*H44 -> 370 | L44: 42 | N44: VALBUS S.R.L. | O44: FL786HC | P44: 24 | Q44: GP809YY | R44: 22 | S44: GP809YY | T44: 22 | X44: invernale feriale lu, gio | Y44: 20.310574 | Z44: 4.0621148 | AA44: =Y44*J44 -> 1502.9825 | AB44: da PDF
A45: SERVIZIO URBANO PERGINE VALSUGANA | B45: 5 | C45: 524-539 | D45: 0.42013889 | E45: 0.45138889 | F45: Pergine - S.Caterina-S.Caterina - Pergine | G45: feriale dal lunedì al venerdì | H45: 16 | I45: 20 | J45: 189 | K45: =J45*H45 -> 3024 | L45: 43 | N45: ZAMPEDRI STEFANO | O45: GT675ZH | P45: 21 | Q45: FE022HG | R45: 21 | S45: FE022HG | T45: 21 | W45: sì | X45: annuale feriale lu-ve | Y45: 55.514659 | Z45: 3.4696662 | AA45: =Y45*J45 -> 10492.271 | AB45: da PDF
A46: SERVIZIO URBANO PERGINE VALSUGANA | B46: 5 | C46: 524-539 | D46: 0.42013889 | E46: 0.45138889 | F46: Pergine - S.Caterina-S.Caterina - Pergine | G46: feriale solo al sabato | H46: 16 | I46: 20 | J46: 47 | K46: =J46*H46 -> 752 | L46: 44 | N46: ZAMPEDRI STEFANO | O46: GT675ZH | P46: 21 | Q46: FE022HG | R46: 21 | S46: FE022HG | T46: 21 | W46: sì | X46: annuale feriale sa | Y46: 55.514659 | Z46: 3.4696662 | AA46: =Y46*J46 -> 2609.189 | AB46: da PDF
A47: SERVIZIO URBANO PERGINE VALSUGANA | B47: 5 | C47: 606 | D47: 0.50347222 | E47: 0.52430556 | F47: Pergine - Susà - Canale-S.Caterina-S.Vito | G47: feriale solo al martedì e al sabato | H47: 11 | I47: 23 | J47: 74 | K47: =J47*H47 -> 814 | L47: 45 | N47: VALBUS S.R.L. | O47: FL786HC | P47: 24 | Q47: GP809YY | R47: 22 | S47: GP809YY | T47: 22 | X47: annuale feriale ma, sa | Y47: 44.683263 | Z47: 4.0621148 | AA47: =Y47*J47 -> 3306.5615 | AB47: da PDF
A48: SERVIZIO URBANO PERGINE VALSUGANA | B48: 5 | C48: 606 | D48: 0.50347222 | E48: 0.51180556 | F48: Pergine-Susà-S.Vito | G48: invernale solo al lunedì e al giovedì feriale | H48: 5 | I48: 22 | J48: 74 | K48: =J48*H48 -> 370 | L48: 46 | N48: VALBUS S.R.L. | O48: FL786HC | P48: 24 | Q48: GP809YY | R48: 22 | S48: GP809YY | T48: 22 | X48: invernale feriale lu, gio | Y48: 20.310574 | Z48: 4.0621148 | AA48: =Y48*J48 -> 1502.9825 | AB48: da PDF
A49: SERVIZIO URBANO PERGINE VALSUGANA | B49: 5 | C49: 624 | D49: 0.54305556 | E49: 0.55694444 | F49: Pergine - Susà - Canale-S.Caterina | G49: scolastica dal lunedì al sabato | H49: 8 | I49: 22 | J49: 198 | K49: =J49*H49 -> 1584 | L49: 47 | N49: ITALBUS S.N.C. DI CASAGRANDE ARMANDO E CHRISTIAN & C. | O49: GP876HE | P49: 23 | Q49: EV877GJ | R49: 21 | S49: GE440VX | T49: 24 | W49: sì | X49: scolastica lu-sa | Y49: 20.705926 | Z49: 2.5882407 | AA49: =Y49*J49 -> 4099.7733 | AB49: da PDF
A50: SERVIZIO URBANO PERGINE VALSUGANA | B50: 5 | C50: 628 | D50: 0.55555556 | E50: 0.56944444 | F50: Pergine via S.Pietro-Susà-via Angi-Canale | G50: scolastica dal lunedì al sabato | H50: 5.5 | I50: 20 | J50: 198 | K50: =J50*H50 -> 1089 | L50: 48 | N50: ITALBUS S.N.C. DI CASAGRANDE ARMANDO E CHRISTIAN & C. | O50: EV877GJ | P50: 21 | Q50: GP876HE | R50: 23 | S50: GE440VX | T50: 24 | W50: sì | X50: scolastica lu-sa | Y50: 14.235324 | Z50: 2.5882407 | AA50: =Y50*J50 -> 2818.5942 | AB50: da PDF
A51: SERVIZIO URBANO PERGINE VALSUGANA | B51: 5 | C51: 628 | D51: 0.55555556 | E51: 0.56944444 | F51: Pergine via S.Pietro-Canale (c.sa bis) diretta | G51: scolastica dal lunedì al venerdì | H51: 3 | I51: 23 | J51: 164 | K51: =J51*H51 -> 492 | L51: 49 | N51: VALBUS S.R.L. | O51: FL786HC | P51: 24 | Q51: GP809YY | R51: 22 | S51: GP809YY | T51: 22 | X51: scolastica lu-ve | Y51: 12.186344 | Z51: 4.0621148 | AA51: =Y51*J51 -> 1998.5605 | AB51: da PDF
A52: SERVIZIO URBANO PERGINE VALSUGANA | B52: 5 | C52: 444 | D52: 0.57291667 | E52: 0.59444444 | F52: Pergine-MASI DI MEZZO - S. Caterina | G52: scolastica dal lunedì al sabato | H52: 9.5 | I52: 20 | J52: 198 | K52: =J52*H52 -> 1881 | L52: 50 | N52: ITALBUS S.N.C. DI CASAGRANDE ARMANDO E CHRISTIAN & C. | O52: GE440VX | P52: 24 | Q52: GP876HE | R52: 23 | S52: EV877GJ | T52: 21 | W52: sì | X52: scolastica lu-sa | Y52: 24.588287 | Z52: 2.5882407 | AA52: =Y52*J52 -> 4868.4808 | AB52: da PDF
A53: SERVIZIO URBANO PERGINE VALSUGANA | B53: 5 | C53: 236 | D53: 0.58194444 | E53: 0.59305556 | F53: Pergine-S.Vito - Maso Gretter | G53: scolastica dal lunedì al sabato | H53: 6.7 | I53: 23 | J53: 198 | K53: =J53*H53 -> 1326.6 | L53: 51 | N53: VALBUS S.R.L. | O53: FL786HC | P53: 24 | Q53: GP809YY | R53: 22 | S53: GP809YY | T53: 22 | X53: scolastica lu-sa | Y53: 27.216169 | Z53: 4.0621148 | AA53: =Y53*J53 -> 5388.8015 | AB53: da PDF
A54: SERVIZIO URBANO PERGINE VALSUGANA | B54: 5 | C54: 541 | D54: 0.59375 | E54: 0.60763889 | F54: S. Caterina - Canale - Susà-Pergine | G54: scolastica dal lunedì al venerdì | H54: 7.1 | I54: 20 | J54: 164 | K54: =J54*H54 -> 1164.4 | L54: 52 | N54: ITALBUS S.N.C. DI CASAGRANDE ARMANDO E CHRISTIAN & C. | O54: GE440VX | P54: 24 | Q54: GP876HE | R54: 23 | S54: EV877GJ | T54: 21 | W54: sì | X54: scolastica lu-ve | Y54: 18.376509 | Z54: 2.5882407 | AA54: =Y54*J54 -> 3013.7475 | AB54: ripartito: blocco invernale lu-ve 182 = 164 scol + 18 non scol
A55: SERVIZIO URBANO PERGINE VALSUGANA | B55: 5 | C55: 541 | D55: 0.59375 | E55: 0.60763889 | F55: S. Caterina - Canale - Susà-Pergine | G55: non scolastica dal lunedì al venerdì | H55: 7.1 | I55: 20 | J55: 18 | K55: =J55*H55 -> 127.8 | L55: 52 BIS | N55: ITALBUS S.N.C. DI CASAGRANDE ARMANDO E CHRISTIAN & C. | O55: GE440VX | P55: 24 | Q55: GP876HE | R55: 23 | S55: EV877GJ | T55: 21 | X55: invernale feriale no scol lu-ve | Y55: 18.376509 | Z55: 2.5882407 | AA55: =Y55*J55 -> 330.77717 | AB55: ripartito: blocco invernale lu-ve 182 = 164 scol + 18 non scol
A56: SERVIZIO URBANO PERGINE VALSUGANA | B56: 5 | C56: 235 | D56: 0.59375 | E56: 0.60347222 | F56: S. Vito-Pergine | G56: scolastica dal lunedì al sabato | H56: 5 | I56: 22 | J56: 198 | K56: =J56*H56 -> 990 | L56: 53 | N56: VALBUS S.R.L. | O56: FL786HC | P56: 24 | Q56: GP809YY | R56: 22 | S56: GP809YY | T56: 22 | X56: scolastica lu-sa | Y56: 20.310574 | Z56: 4.0621148 | AA56: =Y56*J56 -> 4021.4937 | AB56: da PDF
A57: SERVIZIO URBANO PERGINE VALSUGANA | B57: 5 | C57: 541 | D57: 0.60069444 | E57: 0.60763889 | F57: Canale - Susà-Pergine | G57: estiva feriale dal lunedì al venerdì | H57: 4 | I57: 20 | J57: 7 | K57: =J57*H57 -> 28 | L57: 54 | N57: ITALBUS S.N.C. DI CASAGRANDE ARMANDO E CHRISTIAN & C. | O57: GE440VX | P57: 24 | Q57: GP876HE | R57: 23 | S57: EV877GJ | T57: 21 | W57: sì | X57: estiva feriale lu-ve | Y57: 10.352963 | Z57: 2.5882407 | AA57: =Y57*J57 -> 72.47074 | AB57: da PDF
A58: SERVIZIO URBANO PERGINE VALSUGANA | B58: 5 | C58: 644 | D58: 0.66319444 | E58: 0.67638889 | F58: Pergine v.S.Pietro-Pergine Intermodale-Susà-Canale | G58: scolastica dal lunedì al venerdì | H58: 5.5 | I58: 22 | J58: 164 | K58: =J58*H58 -> 902 | L58: 55 | N58: ITALBUS S.N.C. DI CASAGRANDE ARMANDO E CHRISTIAN & C. | O58: GP876HE | P58: 23 | Q58: EV877GJ | R58: 21 | S58: GE440VX | T58: 24 | W58: sì | X58: scolastica lu-ve | Y58: 14.235324 | Z58: 2.5882407 | AA58: =Y58*J58 -> 2334.5931 | AB58: da PDF
A59: SERVIZIO URBANO PERGINE VALSUGANA | B59: 5 | C59: 528-545 | D59: 0.73611111 | E59: 0.75694444 | F59: Pergine - Valcanover-Valcanover - Pergine | G59: feriale dal lunedì al venerdì | H59: 11 | I59: 20 | J59: 189 | K59: =J59*H59 -> 2079 | L59: 56 | N59: ZAMPEDRI STEFANO | O59: GT675ZH | P59: 21 | Q59: FE022HG | R59: 21 | S59: FE022HG | T59: 21 | W59: sì | X59: annuale feriale lu-ve | Y59: 38.166328 | Z59: 3.4696662 | AA59: =Y59*J59 -> 7213.436 | AB59: da PDF
A60: SERVIZIO URBANO PERGINE VALSUGANA | B60: 5 | C60: 238 | D60: 0.75347222 | E60: 0.76180556 | F60: Pergine-S.Vito | G60: scolastica dal lunedì al venerdì | H60: 5 | I60: 23 | J60: 164 | K60: =J60*H60 -> 820 | L60: 57 | N60: ITALBUS S.N.C. DI CASAGRANDE ARMANDO E CHRISTIAN & C. | O60: GP876HE | P60: 23 | Q60: EV877GJ | R60: 21 | S60: GE440VX | T60: 24 | W60: sì | X60: scolastica lu-ve | Y60: 12.941204 | Z60: 2.5882407 | AA60: =Y60*J60 -> 2122.3574 | AB60: da PDF
A61: SERVIZIO URBANO PERGINE VALSUGANA | B61: 6 | C61: 201 | D61: 0.28194444 | E61: 0.29236111 | F61: Roncogno-Pergine | G61: estiva feriale dal lunedì al venerdì | H61: 6 | I61: 20 | J61: 7 | K61: =J61*H61 -> 42 | L61: 58 | N61: ZAMPEDRI STEFANO | O61: GT675ZH | P61: 21 | Q61: FE022HG | R61: 21 | S61: FE022HG | T61: 21 | W61: sì | X61: estiva feriale lu-ve | Y61: 20.817997 | Z61: 3.4696662 | AA61: =Y61*J61 -> 145.72598 | AB61: da PDF
A62: SERVIZIO URBANO PERGINE VALSUGANA | B62: 6 | C62: 491 | D62: 0.29722222 | E62: 0.30763889 | F62: RONCOGNO - Costasavina-Pergine | G62: scolastica dal lunedì al sabato | H62: 6 | I62: 24 | J62: 198 | K62: =J62*H62 -> 1188 | L62: 59 | N62: ITALBUS S.N.C. DI CASAGRANDE ARMANDO E CHRISTIAN & C. | O62: GE440VX | P62: 24 | Q62: GP876HE | R62: 23 | S62: EV877GJ | T62: 21 | W62: sì | X62: scolastica lu-sa | Y62: 15.529444 | Z62: 2.5882407 | AA62: =Y62*J62 -> 3074.83 | AB62: da PDF
A63: SERVIZIO URBANO PERGINE VALSUGANA | B63: 6 | C63: 291 | D63: 0.31388889 | E63: 0.32291667 | F63: Fornaci di Roncogno-Pergine Rodari/Garbari (c.sa bis) | G63: scolastica dal lunedì al venerdì | H63: 3.5 | I63: 24 | J63: 164 | K63: =J63*H63 -> 574 | L63: 60 | N63: ITALBUS S.N.C. DI CASAGRANDE ARMANDO E CHRISTIAN & C. | O63: GE440VX | P63: 24 | Q63: GP876HE | R63: 23 | S63: EV877GJ | T63: 21 | W63: sì | X63: scolastica lu-ve | Y63: 9.0588426 | Z63: 2.5882407 | AA63: =Y63*J63 -> 1485.6502 | AB63: da PDF
A64: SERVIZIO URBANO PERGINE VALSUGANA | B64: 6 | C64: 492-203 | D64: 0.38194444 | E64: 0.4 | F64: Pergine - Roncogno-Roncogno - Pergine | G64: feriale dal lunedì al sabato | H64: 10 | I64: 20 | J64: 226 | K64: =J64*H64 -> 2260 | L64: 61 | N64: ZAMPEDRI STEFANO | O64: GT675ZH | P64: 21 | Q64: FE022HG | R64: 21 | S64: FE022HG | T64: 21 | W64: sì | X64: annuale feriale lu-sa | Y64: 34.696662 | Z64: 3.4696662 | AA64: =Y64*J64 -> 7841.4456 | AB64: da PDF
A65: SERVIZIO URBANO PERGINE VALSUGANA | B65: 6 | C65: 244-247 | D65: 0.55555556 | E65: 0.57638889 | F65: Pergine V. S.Pietro - Centro Intermodale - Costasavina - Roncogno -Roncogno - Centro Intermodale | G65: scolastica dal lunedì al sabato | H65: 11.5 | I65: 19 | J65: 198 | K65: =J65*H65 -> 2277 | L65: 62 | N65: GROFF PAOLO | O65: FL561HC | P65: 21 | Q65: FL561HC | R65: 21 | W65: sì | X65: scolastica lu-sa | Y65: 25.7048 | AA65: =Y65*J65 -> 5089.5504 | AB65: da PDF
A66: SERVIZIO URBANO PERGINE VALSUGANA | B66: 6 | C66: 496-501 | D66: 0.71180556 | E66: 0.72986111 | F66: Pergine - Costasavina - Roncogno-Roncogno - Pergine | G66: feriale dal lunedì al venerdì | H66: 10 | I66: 22 | J66: 189 | K66: =J66*H66 -> 1890 | L66: 63 | N66: ITALBUS S.N.C. DI CASAGRANDE ARMANDO E CHRISTIAN & C. | O66: GP876HE | P66: 23 | Q66: EV877GJ | R66: 21 | S66: GE440VX | T66: 24 | W66: sì | X66: annuale feriale lu-ve | Y66: 25.882407 | Z66: 2.5882407 | AA66: =Y66*J66 -> 4891.775 | AB66: da PDF
A67: SERVIZIO URBANO PERGINE VALSUGANA | B67: 8 | C67: 549-550-551 | D67: 0.34027778 | E67: 0.39375 | F67: 8.10 Pergine-Osp.Villa Rosa-Pergine 8.40 Pergine-Osp.Villa Rosa-Pergine 9.10 Pergine-Osp.Villa Rosa-Pergine | G67: invernale feriale dal lunedì al sabato | H67: 10.5 | I67: 23 | J67: 218 | K67: =J67*H67 -> 2289 | L67: 64 | N67: VALBUS S.R.L. | O67: FL786HC | P67: 24 | Q67: GP809YY | R67: 22 | S67: GP809YY | T67: 22 | X67: invernale feriale lu-sa | Y67: 42.652205 | Z67: 4.0621148 | AA67: =Y67*J67 -> 9298.1808 | AB67: da PDF
A68: SERVIZIO URBANO PERGINE VALSUGANA | B68: 8 | C68: 549-551 | D68: 0.34513889 | E68: 0.39375 | F68: 8.17 Osp.Villa Rosa-Zivignago e rit. 9.17 Osp.Villa Rosa-Zivignago e rit. | G68: invernale feriale dal lunedì al sabato | H68: 2.4 | I68: 23 | J68: 218 | K68: =J68*H68 -> 523.2 | L68: 65 | N68: VALBUS S.R.L. | O68: FL786HC | P68: 24 | Q68: GP809YY | R68: 22 | S68: GP809YY | T68: 22 | X68: invernale feriale lu-sa | Y68: 9.7490755 | Z68: 4.0621148 | AA68: =Y68*J68 -> 2125.2985 | AB68: da PDF
A69: SERVIZIO URBANO PERGINE VALSUGANA | B69: 8 | C69: 552-553-554-556-557 | D69: 0.41180556 | E69: 0.51875 | F69: 9.45 Pergine-Osp.Villa Rosa-Pergine 10.10 Pergine-Osp.Villa Rosa-Pergine 10.40 Pergine-Osp.Villa Rosa-Pergine 11.10 Pergine-Osp.Villa Rosa-Pergine 12.10 Pergine-Osp.Villa Rosa-Pergine | G69: invernale feriale dal lunedì al sabato | H69: 17.5 | I69: 22 | J69: 218 | K69: =J69*H69 -> 3815 | L69: 66 | N69: ITALBUS S.N.C. DI CASAGRANDE ARMANDO E CHRISTIAN & C. | O69: GE440VX | P69: 24 | Q69: GP876HE | R69: 23 | S69: EV877GJ | T69: 21 | W69: sì | X69: invernale feriale lu-sa | Y69: 45.294213 | Z69: 2.5882407 | AA69: =Y69*J69 -> 9874.1384 | AB69: stimato dalla frequenza (riga sdoppiata per corsa)
A70: SERVIZIO URBANO PERGINE VALSUGANA | B70: 8 | C70: 555 | D70: 0.48611111 | E70: 0.49791667 | F70: 11.40 Pergine-Osp.Villa Rosa-Pergine | G70: invernale feriale sabato | H70: 3.5 | I70: 22 | J70: 36 | K70: =J70*H70 -> 126 | L70: 66 BIS | N70: VALBUS S.R.L. | O70: GE440VX | P70: 24 | Q70: GP876HE | R70: 23 | S70: EV877GJ | T70: 21 | X70: invernale feriale sa | Y70: 14.217402 | Z70: 4.0621148 | AA70: =Y70*J70 -> 511.82647 | AB70: derivato: blocco inv. lun-sab 218 = 182 lu-ve + 36 sab
A71: SERVIZIO URBANO PERGINE VALSUGANA | B71: 8 | C71: 555 | D71: 0.44444444 | E71: 0.45625 | F71: 11.40 Pergine-Osp.Villa Rosa-Pergine | G71: invernale feriale dal lunedì al venerdì | H71: 3.5 | I71: 19 | J71: 182 | K71: =J71*H71 -> 637 | L71: 66 TRIS | N71: ITALBUS S.N.C. DI CASAGRANDE ARMANDO E CHRISTIAN & C. | O71: FL786HC | P71: 24 | Q71: GP809YY | R71: 22 | S71: GP809YY | T71: 22 | X71: invernale feriale lu-ve | Y71: 9.0588426 | Z71: 2.5882407 | AA71: =Y71*J71 -> 1648.7093 | AB71: derivato: blocco inv. lun-sab 218 = 182 lu-ve + 36 sab
A72: SERVIZIO URBANO PERGINE VALSUGANA | B72: 8 | C72: 553-555-557 | D72: 0.42847222 | E72: 0.51875 | F72: 10.17 Osp.Villa Rosa-Zivignago e rit. 11.17 Osp.Villa Rosa-Zivignago e rit. 12.17 Osp.Villa Rosa-Zivignago e rit. | G72: invernale feriale dal lunedì al sabato | H72: 3.6 | I72: 22 | J72: 218 | K72: =J72*H72 -> 784.8 | L72: 67 | N72: ITALBUS S.N.C. DI CASAGRANDE ARMANDO E CHRISTIAN & C. | O72: GE440VX | P72: 24 | Q72: GP876HE | R72: 23 | S72: EV877GJ | T72: 21 | W72: sì | X72: invernale feriale lu-sa | Y72: 9.3176666 | Z72: 2.5882407 | AA72: =Y72*J72 -> 2031.2513 | AB72: da PDF
A73: SERVIZIO URBANO PERGINE VALSUGANA | B73: 8 | C73: 558 | D73: 0.52777778 | E73: 0.53819444 | F73: 12.40 Pergine-Osp.Villa Rosa-Pergine | G73: invernale feriale dal lunedì al sabato | H73: 3.5 | I73: 23 | J73: 218 | K73: =J73*H73 -> 763 | L73: 68 | N73: VALBUS S.R.L. | O73: FL786HC | P73: 24 | Q73: GP809YY | R73: 22 | S73: GP809YY | T73: 22 | X73: invernale feriale lu-sa | Y73: 14.217402 | Z73: 4.0621148 | AA73: =Y73*J73 -> 3099.3936 | AB73: da PDF
A74: SERVIZIO URBANO PERGINE VALSUGANA | B74: 8 | C74: 564 | D74: 0.69444444 | E74: 0.70486111 | F74: 16.40 Pergine-Osp.Villa Rosa-Pergine | G74: invernale feriale dal lunedì al sabato | H74: 3.5 | I74: 23 | J74: 218 | K74: =J74*H74 -> 763 | L74: 69 | N74: ITALBUS S.N.C. DI CASAGRANDE ARMANDO E CHRISTIAN & C. | O74: EV877GJ | P74: 21 | Q74: GP876HE | R74: 23 | S74: GE440VX | T74: 24 | W74: sì | X74: invernale feriale lu-sa | Y74: 9.0588426 | Z74: 2.5882407 | AA74: =Y74*J74 -> 1974.8277 | AB74: da PDF
A75: SERVIZIO URBANO PERGINE VALSUGANA | B75: 8 | C75: 559-560-561-565 | D75: 0.54861111 | E75: 0.72708333 | F75: 13.10 Pergine-Osp.Villa Rosa-Pergine 14.40 Pergine-Osp.Villa Rosa-Pergine 15.10 Pergine-Osp.Villa Rosa-Pergine 17.10 Pergine-Osp.Villa Rosa-Pergine | G75: invernale feriale dal lunedì al sabato | H75: 14 | I75: 19 | J75: 218 | K75: =J75*H75 -> 3052 | L75: 70 | N75: FERSINA TOUR S.R.L | O75: GG078PN | P75: 21 | Q75: FR820WP | R75: 21 | S75: FM703MA | T75: 10 | W75: sì | X75: invernale feriale lu-sa | Y75: 49.1022 | Z75: 3.5073 | AA75: =Y75*J75 -> 10704.28 | AB75: stimato dalla frequenza (riga sdoppiata per corsa)
A76: SERVIZIO URBANO PERGINE VALSUGANA | B76: 8 | C76: 563 | D76: 0.67361111 | E76: 0.68541667 | F76: 16.10 Pergine-Osp.Villa Rosa-Pergine | G76: invernale feriale sabato | H76: 3.5 | I76: 19 | J76: 36 | K76: =J76*H76 -> 126 | L76: 70 BIS | N76: FERSINA TOUR S.R.L | O76: GG078PN | P76: 21 | Q76: FR820WP | R76: 21 | S76: FM703MA | T76: 10 | X76: invernale feriale sa | Y76: 12.27555 | Z76: 3.5073 | AA76: =Y76*J76 -> 441.9198 | AB76: derivato: blocco inv. lun-sab 218 = 182 lu-ve + 36 sab
A77: SERVIZIO URBANO PERGINE VALSUGANA | B77: 8 | C77: 563 | D77: 0.67361111 | E77: 0.68541667 | F77: 16.10 Pergine-Osp.Villa Rosa-Pergine | G77: invernale feriale dal lunedì al venerdì | H77: 3.5 | I77: 19 | J77: 182 | K77: =J77*H77 -> 637 | L77: 70 TRIS | N77: ITALBUS S.N.C. DI CASAGRANDE ARMANDO E CHRISTIAN & C. | O77: EV877GJ | P77: 21 | Q77: GP876HE | R77: 23 | S77: GE440VX | T77: 24 | X77: invernale feriale lu-ve | Y77: 9.0588426 | Z77: 2.5882407 | AA77: =Y77*J77 -> 1648.7093 | AB77: derivato: blocco inv. lun-sab 218 = 182 lu-ve + 36 sab
A78: SERVIZIO URBANO PERGINE VALSUGANA | B78: 8 | C78: 560-565 | D78: 0.61597222 | E78: 0.72708333 | F78: 14.47 Osp.Villa Rosa-Zivignago e rit. 17.17 Osp.Villa Rosa-Zivignago e rit. | G78: invernale feriale dal lunedì al sabato | H78: 2.4 | I78: 19 | J78: 218 | K78: =J78*H78 -> 523.2 | L78: 71 | N78: FERSINA TOUR S.R.L | O78: GG078PN | P78: 21 | Q78: FR820WP | R78: 21 | S78: FM703MA | T78: 10 | W78: sì | X78: invernale feriale lu-sa | Y78: 8.41752 | Z78: 3.5073 | AA78: =Y78*J78 -> 1835.0194 | AB78: stimato dalla frequenza (riga sdoppiata per corsa)
A79: SERVIZIO URBANO PERGINE VALSUGANA | B79: 8 | C79: 563 | D79: 0.67847222 | E79: 0.68541667 | F79: 16.17 Osp.Villa Rosa-Zivignago e rit. | G79: invernale feriale sabato | H79: 1.2 | I79: 19 | J79: 36 | K79: =J79*H79 -> 43.2 | L79: 71 BIS | N79: FERSINA TOUR S.R.L | O79: GG078PN | P79: 21 | Q79: FR820WP | R79: 21 | S79: FM703MA | T79: 10 | X79: invernale feriale sa | Y79: 4.20876 | Z79: 3.5073 | AA79: =Y79*J79 -> 151.51536 | AB79: derivato: blocco inv. lun-sab 218 = 182 lu-ve + 36 sab
A80: SERVIZIO URBANO PERGINE VALSUGANA | B80: 8 | C80: 563 | D80: 0.67847222 | E80: 0.68541667 | F80: 16.17 Osp.Villa Rosa-Zivignago e rit. | G80: invernale feriale dal lunedì al venerdì | H80: 1.2 | I80: 19 | J80: 182 | K80: =J80*H80 -> 218.4 | L80: 71 TRIS | N80: ITALBUS S.N.C. DI CASAGRANDE ARMANDO E CHRISTIAN & C. | O80: EV877GJ | P80: 21 | Q80: GP876HE | R80: 23 | S80: GE440VX | T80: 24 | X80: invernale feriale lu-ve | Y80: 3.1058889 | Z80: 2.5882407 | AA80: =Y80*J80 -> 565.27178 | AB80: derivato: blocco inv. lun-sab 218 = 182 lu-ve + 36 sab
A81: SERVIZIO URBANO PERGINE VALSUGANA | B81: 5 | C81: 236 | D81: 0.58194444 | E81: 0.59305556 | F81: Pergine-S.Vito (corsa bis) | G81: scolastica dal lunedì al sabato | H81: 5 | I81: 19 | J81: 198 | K81: =J81*H81 -> 990 | L81: 72 | N81: GROFF PAOLO | O81: FL561HC | P81: 21 | W81: sì | X81: scolastica lu-sa | Y81: 15.25 | AA81: =Y81*J81 -> 3019.5 | AB81: da PDF
A82: SERVIZIO URBANO PERGINE VALSUGANA | B82: 5 | C82: 170 | D82: 0.59375 | E82: 0.60347222 | F82: S. Vito-Pergine (corsa bis) | G82: scolastica dal lunedì al sabato | H82: 5 | I82: 19 | J82: 198 | K82: =J82*H82 -> 990 | L82: 73 | N82: GROFF PAOLO | O82: FL561HC | P82: 21 | W82: sì | X82: scolastica lu-sa | Y82: 15.25 | AA82: =Y82*J82 -> 3019.5 | AB82: da PDF
A83: SERVIZIO URBANO PERGINE VALSUGANA | B83: 5 | C83: 215 | D83: 0.28125 | E83: 0.29097222 | F83: S.Vito-Susà-Pergine (corsa bis) | G83: scolastica dal lunedì al venerdì | H83: 5 | I83: 19 | J83: 164 | K83: =J83*H83 -> 820 | L83: 74 | N83: ITALBUS S.N.C. DI CASAGRANDE ARMANDO E CHRISTIAN & C. | O83: GE440VX | P83: 24 | Q83: GP876HE | R83: 23 | S83: EV877GJ | T83: 21 | W83: sì | X83: scolastica lu-ve | Y83: 12.941204 | Z83: 2.5882407 | AA83: =Y83*J83 -> 2122.3574 | AB83: da PDF
H84: TOTALE | K84: =SUM(K2:K83) -> 82213.9 | L84: sett-magg | AA84: =SUM(AA2:AA83) -> 265689.25 | AB84: sett-magg
K86: ='PERGINE giu-ago'!K84 -> 17944.95 | L86: giu-ago | AA86: ='PERGINE giu-ago'!AA84 -> 326585.31 | AB86: giu-ago
K88: =SUM(K84:K87) -> 100158.85 | AA88: =SUM(AA84:AA87) -> 592274.56
K90: 82213.9 | AA90: 265689.25
K92: 17944.95 | AA92: 326585.31
K94: 100158.85 | AA94: 592274.56
K96: =K90-K84 -> 0 | AA96: =AA90-AA84 -> 0
K97: =K86-K92 -> 0 | AA97: =AA86-AA92 -> 0
K98: =K88-K94 -> 0 | AA98: =AA88-AA94 -> 0

Sheet ARCO
A1: Servizio | B1: Linea | C1: n. corsa | D1: ora part. | E1: ora arr. | F1: percorso | G1: frequenza | H1: Km corsa/servizio | I1: Posti autobus | J1: nr. Gg | K1: Tot km | L1: n° riga | M1: Esito | N1: DITTA | O1: MEZZO TITOLARE | P1: posti mezzo titolare | Q1: MEZZO DI RISERVA 1 | R1: posti mezzo di riserva 1 | S1: MEZZO DI RISERVA 2 | T1: posti mezzo di riserva 2 | U1: MEZZO DI SUPPORTO | V1: posti mezzo di supporto | W1: conferma servizi ditta | X1: frequenza CTA | Y1: tariffa 2025/2026 | Z1: tariffa/km 2025/2026 | AA1: costo annuo | AB1: nota gg (set-mag)
A2: SERVIZIO ALTO GARDA (COMUNE DI ARCO) | B2: 869 | C2: 533 | D2: 0.29861111 | E2: 0.31180556 | F2: Campi-Riva del Garda | G2: non scolastica feriale dal lunedì al sabato | H2: 13.9 | I2: 23 | J2: 20 | K2: =J2*H2 -> 278 | L2: 1 | N2: AUTOSERVIZI MATTUZZI CLAUDIO & C. S.N.C. | O2: FB808BJ | P2: 45 | Q2: FL183NW | R2: 33 | S2: GF141FZ | T2: 29 | X2: invernale feriale no scol lu-ve | Y2: 62.02 | AA2: =Y2*J2 -> 1240.4 | AB2: da PDF
A3: SERVIZIO ALTO GARDA (COMUNE DI ARCO) | B3: 869 | C3: 533 | D3: 0.29861111 | E3: 0.31805556 | F3: Campi-Riva v.le Martiri | G3: scolastica dal lunedì al sabato | H3: 14.4 | I3: 44 | J3: 198 | K3: =J3*H3 -> 2851.2 | L3: 2 | N3: AUTOSERVIZI MATTUZZI CLAUDIO & C. S.N.C. | O3: FB808BJ | P3: 45 | Q3: FL183NW | R3: 33 | S3: GF141FZ | T3: 29 | X3: scolastica lu-sa | Y3: 63.12 | AA3: =Y3*J3 -> 12497.76 | AB3: da PDF
A4: SERVIZIO ALTO GARDA (COMUNE DI ARCO) | B4: 869 | C4: 533 | D4: 0.29861111 | E4: 0.31180556 | F4: Campi-Riva del Garda | G4: estiva feriale dal lunedì al sabato | H4: 13.9 | I4: 23 | J4: 8 | K4: =J4*H4 -> 111.2 | L4: 3 | N4: AUTOSERVIZI MATTUZZI CLAUDIO & C. S.N.C. | O4: FB808BJ | P4: 45 | Q4: FL183NW | R4: 33 | S4: GF141FZ | T4: 29 | X4: estiva feriale lu-sa | Y4: 62.02 | AA4: =Y4*J4 -> 496.16 | AB4: da PDF
A5: SERVIZIO ALTO GARDA (COMUNE DI ARCO) | B5: 869 | C5: 555 | D5: 0.54513889 | E5: 0.55833333 | F5: Campi-Riva del Garda | G5: feriale dal lunedì al sabato | H5: 13.9 | I5: 23 | J5: 226 | K5: =J5*H5 -> 3141.4 | L5: 4 | N5: AUTOSERVIZI MATTUZZI CLAUDIO & C. S.N.C. | O5: FL183NW | P5: 33 | Q5: GY436PZ | R5: 24 | S5: GF141FZ | T5: 29 | X5: annuale feriale lu-sa | Y5: 31.07 | AA5: =Y5*J5 -> 7021.82 | AB5: da PDF
A6: SERVIZIO ALTO GARDA (COMUNE DI ARCO) | B6: 869 | C6: 557 | D6: 0.57638889 | E6: 0.58958333 | F6: Campi-Riva del Garda | G6: scolastica dal lunedì al sabato | H6: 13.9 | I6: 23 | J6: 198 | K6: =J6*H6 -> 2752.2 | L6: 5 | N6: AUTOSERVIZI MATTUZZI CLAUDIO & C. S.N.C. | O6: GY436PZ | P6: 24 | Q6: FL183NW | R6: 33 | S6: GF141FZ | T6: 29 | X6: scolastica lu-sa | Y6: 31.07 | AA6: =Y6*J6 -> 6151.86 | AB6: da PDF
A7: SERVIZIO ALTO GARDA (COMUNE DI ARCO) | B7: 869 | C7: 554 | D7: 0.52569444 | E7: 0.54305556 | F7: Riva v.le Martiri-Campi | G7: feriale dal lunedì al sabato | H7: 13.9 | I7: 23 | J7: 226 | K7: =J7*H7 -> 3141.4 | L7: 6 | N7: AUTOSERVIZI MATTUZZI CLAUDIO & C. S.N.C. | O7: GY436PZ | P7: 24 | Q7: FL183NW | R7: 33 | S7: GF141FZ | T7: 29 | X7: annuale feriale lu-sa | Y7: 31.07 | AA7: =Y7*J7 -> 7021.82 | AB7: da PDF
A8: SERVIZIO ALTO GARDA (COMUNE DI ARCO) | B8: 869 | C8: 556 | D8: 0.55833333 | E8: 0.57638889 | F8: Riva v.le Martiri-Campi | G8: scolastica dal lunedì al sabato | H8: 12 | I8: 23 | J8: 198 | K8: =J8*H8 -> 2376 | L8: 7 | N8: AUTOSERVIZI MATTUZZI CLAUDIO & C. S.N.C. | O8: GY436PZ | P8: 24 | Q8: FL183NW | R8: 33 | S8: GF141FZ | T8: 29 | X8: scolastica lu-sa | Y8: 26.83 | AA8: =Y8*J8 -> 5312.34 | AB8: da PDF
A9: SERVIZIO ALTO GARDA (COMUNE DI ARCO) | B9: 869 | C9: 560 | D9: 0.59375 | E9: 0.60763889 | F9: Riva d.G-Campi | G9: scolastica dal lunedì al venerdì | H9: 12 | I9: 23 | J9: 164 | K9: =J9*H9 -> 1968 | L9: 8 | N9: AUTOSERVIZI MATTUZZI CLAUDIO & C. S.N.C. | O9: GY436PZ | P9: 24 | Q9: FL183NW | R9: 33 | S9: GF141FZ | T9: 29 | X9: scolastica lu-ve | Y9: 26.83 | AA9: =Y9*J9 -> 4400.12 | AB9: da PDF
A10: SERVIZIO ALTO GARDA (COMUNE DI ARCO) | B10: 869 | C10: 558 | D10: 0.75694444 | E10: 0.77777778 | F10: Riva v.le Martiri-Campi | G10: feriale dal lunedì al sabato | H10: 13.9 | I10: 23 | J10: 226 | K10: =J10*H10 -> 3141.4 | L10: 9 | N10: AUTOSERVIZI MATTUZZI CLAUDIO & C. S.N.C. | O10: GY436PZ | P10: 24 | Q10: FL183NW | R10: 33 | S10: GF141FZ | T10: 29 | X10: annuale feriale lu-sa | Y10: 62.02 | AA10: =Y10*J10 -> 14016.52 | AB10: da PDF
A11: SERVIZIO ALTO GARDA (COMUNE DI ARCO) | B11: 863 | C11: 803 | D11: 0.32638889 | E11: 0.33402778 | F11: Riva d.G.-Arco | G11: scolastica dal lunedì al venerdì | H11: 6 | I11: 23 | J11: 164 | K11: =J11*H11 -> 984 | L11: 10 | N11: SOLETANA VIAGGI S.R.L. | O11: FJ863YE | P11: 56 | Q11: GW667HX | R11: 53 | S11: FH513LD | T11: 56 | X11: scolastica lu-ve | Y11: 152.4 | AA11: =Y11*J11 -> 24993.6 | AB11: da PDF
A12: SERVIZIO ALTO GARDA (COMUNE DI ARCO) | B12: 862 | C12: 501 | D12: 0.31319444 | E12: 0.32013889 | F12: Varone Sega-Riva del Garda | G12: scolastica dal lunedì al venerdì | H12: 4 | I12: 50 | J12: 164 | K12: =J12*H12 -> 656 | L12: 11 | N12: AUTOSERVIZI MATTUZZI CLAUDIO & C. S.N.C. | O12: GT606ZH | P12: 55 | Q12: FE584HG | R12: 56 | S12: FZ760BE | T12: 54 | X12: scolastica lu-ve | Y12: 18.29 | AA12: =Y12*J12 -> 2999.56 | AB12: da PDF
H13: TOTALE | K13: =SUM(K2:K12) -> 21400.8 | L13: sett-magg | AA13: =SUM(AA2:AA12) -> 86151.96 | AB13: sett-magg
K15: ='ARCO giu-ago'!K13 -> 4791.6 | L15: giu-ago | AA15: ='ARCO giu-ago'!AA13 -> 16960.06 | AB15: giu-ago
K17: =SUM(K13:K16) -> 26192.4 | AA17: =SUM(AA13:AA16) -> 103112.02
K19: 21400.8 | AA19: 86151.96
K21: 4791.6 | AA21: 16960.06
K23: 26192.4 | AA23: 103112.02
K25: =K19-K13 -> 0 | AA25: =AA19-AA13 -> 0
K26: =K15-K21 -> 0 | AA26: =AA15-AA21 -> 0
K27: =K17-K23 -> 0 | AA27: =AA17-AA23 -> 0

Sheet LAVIS
A1: Servizio | B1: Linea | C1: n. corsa | D1: ora part. | E1: ora arr. | F1: percorso | G1: frequenza | H1: Km corsa/servizio | I1: Posti autobus | J1: nr. Gg | K1: Tot km | L1: n° riga | M1: Esito | N1: DITTA | O1: MEZZO TITOLARE | P1: posti mezzo titolare | Q1: MEZZO DI RISERVA 1 | R1: posti mezzo di riserva 1 | S1: MEZZO DI RISERVA 2 | T1: posti mezzo di riserva 2 | U1: MEZZO DI SUPPORTO | V1: posti mezzo di supporto | W1: conferma servizi ditta | X1: frequenza CTA | Y1: tariffa 2025/2026 | Z1: tariffa/km 2025/2026 | AA1: costo annuo | AB1: nota gg (set-mag)
A2: T.M. L.1 - Linea L1 - LAVIS | B2: 10 | C2: L01101 n5 | D2: 0.27222222 | E2: 0.27430556 | F2: SORNI bivio - SORNI | G2: Non scolastica da Lunedì a Venerdì (estate + invernale) | H2: 1.13 | I2: 19 | J2: 25 | K2: =J2*H2 -> 28.25 | L2: 1 | N2: ELIMA SRL | O2: GL794HS | P2: 23 | Q2: GP595HE | R2: 21 | W2: sì | X2: estiva feriale lu-ve + no scol lu-ve | Y2: 2.9161232 | Z2: 2.58064 | AA2: =Y2*J2 -> 72.90308 | AB2: da PDF (ordine posizionale)
A3: T.M. L.1 - Linea L1 - LAVIS | B3: 20 | C3: L01151 n5 | D3: 0.27430556 | E3: 0.28958333 | F3: SORNI - LAVIS via Nazionale | G3: Non scolastica da Lunedì a Venerdì (estate + invernale) | H3: 9.01 | I3: 19 | J3: 25 | K3: =J3*H3 -> 225.25 | L3: 2 | N3: ELIMA SRL | O3: GL794HS | P3: 23 | Q3: GP595HE | R3: 21 | W3: sì | X3: estiva feriale lu-ve + no scol lu-ve | Y3: 23.251566 | Z3: 2.58064 | AA3: =Y3*J3 -> 581.28916 | AB3: da PDF (ordine posizionale)
A4: T.M. L.1 - Linea L1 - LAVIS | B4: 30 | C4: L01102 | D4: 0.31805556 | E4: 0.33055556 | F4: LAVIS via Nazionale - SORNI | G4: Non scolastica da Lunedì a Venerdì (estate + invernale) | H4: 7.67 | I4: 19 | J4: 25 | K4: =J4*H4 -> 191.75 | L4: 3 | N4: ELIMA SRL | O4: GL794HS | P4: 23 | Q4: GP595HE | R4: 21 | W4: sì | X4: estiva feriale lu-ve + no scol lu-ve | Y4: 19.793509 | Z4: 2.58064 | AA4: =Y4*J4 -> 494.83772 | AB4: da PDF (ordine posizionale)
A5: T.M. L.1 - Linea L1 - LAVIS | B5: 40 | C5: L01152 | D5: 0.33541667 | E5: 0.35069444 | F5: SORNI - LAVIS via Nazionale | G5: Non scolastica da Lunedì a Venerdì (estate + invernale) | H5: 9.01 | I5: 19 | J5: 25 | K5: =J5*H5 -> 225.25 | L5: 4 | N5: ELIMA SRL | O5: GL794HS | P5: 23 | Q5: GP595HE | R5: 21 | W5: sì | X5: estiva feriale lu-ve + no scol lu-ve | Y5: 23.251566 | Z5: 2.58064 | AA5: =Y5*J5 -> 581.28916 | AB5: da PDF (ordine posizionale)
A6: T.M. L.1 - Linea L1 - LAVIS | B6: 50 | C6: L01103 | D6: 0.35972222 | E6: 0.37222222 | F6: LAVIS via Nazionale - SORNI | G6: Non scolastica da Lunedì a Venerdì (estate + invernale) | H6: 7.67 | I6: 19 | J6: 25 | K6: =J6*H6 -> 191.75 | L6: 5 | N6: ELIMA SRL | O6: GL794HS | P6: 23 | Q6: GP595HE | R6: 21 | W6: sì | X6: estiva feriale lu-ve + no scol lu-ve | Y6: 19.793509 | Z6: 2.58064 | AA6: =Y6*J6 -> 494.83772 | AB6: da PDF (ordine posizionale)
A7: T.M. L.1 - Linea L1 - LAVIS | B7: 60 | C7: L01153 | D7: 0.37708333 | E7: 0.39236111 | F7: SORNI - LAVIS via Nazionale | G7: Non scolastica da Lunedì a Venerdì (estate + invernale) | H7: 9.01 | I7: 19 | J7: 25 | K7: =J7*H7 -> 225.25 | L7: 6 | N7: ELIMA SRL | O7: GL794HS | P7: 23 | Q7: GP595HE | R7: 21 | W7: sì | X7: estiva feriale lu-ve + no scol lu-ve | Y7: 23.251566 | Z7: 2.58064 | AA7: =Y7*J7 -> 581.28916 | AB7: da PDF (ordine posizionale)
A8: T.M. L.1 - Linea L1 - LAVIS | B8: 70 | C8: L01104 | D8: 0.46458333 | E8: 0.47708333 | F8: LAVIS via Nazionale - SORNI | G8: Non scolastica da Lunedì a Venerdì (estate + invernale) | H8: 7.67 | I8: 19 | J8: 25 | K8: =J8*H8 -> 191.75 | L8: 7 | N8: ELIMA SRL | O8: GL794HS | P8: 23 | Q8: GP595HE | R8: 21 | W8: sì | X8: estiva feriale lu-ve + no scol lu-ve | Y8: 19.793509 | Z8: 2.58064 | AA8: =Y8*J8 -> 494.83772 | AB8: da PDF (ordine posizionale)
A9: T.M. L.1 - Linea L1 - LAVIS | B9: 80 | C9: L01154 | D9: 0.47708333 | E9: 0.49236111 | F9: SORNI - LAVIS via Nazionale | G9: Non scolastica da Lunedì a Venerdì (estate + invernale) | H9: 9.01 | I9: 19 | J9: 25 | K9: =J9*H9 -> 225.25 | L9: 8 | N9: ELIMA SRL | O9: GL794HS | P9: 23 | Q9: GP595HE | R9: 21 | W9: sì | X9: estiva feriale lu-ve + no scol lu-ve | Y9: 23.251566 | Z9: 2.58064 | AA9: =Y9*J9 -> 581.28916 | AB9: da PDF (ordine posizionale)
A10: T.M. L.1 - Linea L1 - LAVIS | B10: 90 | C10: L01105 | D10: 0.54791667 | E10: 0.56041667 | F10: LAVIS via Nazionale - SORNI | G10: Non scolastica da Lunedì a Venerdì (estate + invernale) | H10: 7.67 | I10: 19 | J10: 25 | K10: =J10*H10 -> 191.75 | L10: 9 | N10: ELIMA SRL | O10: GL794HS | P10: 23 | Q10: GP595HE | R10: 21 | W10: sì | X10: estiva feriale lu-ve + no scol lu-ve | Y10: 19.793509 | Z10: 2.58064 | AA10: =Y10*J10 -> 494.83772 | AB10: da PDF (ordine posizionale)
A11: T.M. L.1 - Linea L1 - LAVIS | B11: 100 | C11: L01155 | D11: 0.56041667 | E11: 0.57569444 | F11: SORNI - LAVIS via Nazionale | G11: Non scolastica da Lunedì a Venerdì (estate + invernale) | H11: 9.01 | I11: 19 | J11: 25 | K11: =J11*H11 -> 225.25 | L11: 10 | N11: ELIMA SRL | O11: GL794HS | P11: 23 | Q11: GP595HE | R11: 21 | W11: sì | X11: estiva feriale lu-ve + no scol lu-ve | Y11: 23.251566 | Z11: 2.58064 | AA11: =Y11*J11 -> 581.28916 | AB11: da PDF (ordine posizionale)
A12: T.M. L.1 - Linea L1 - LAVIS | B12: 110 | C12: L01106 n5 | D12: 0.58958333 | E12: 0.60208333 | F12: LAVIS via Nazionale - SORNI | G12: Non scolastica da Lunedì a Venerdì (estate + invernale) | H12: 7.67 | I12: 19 | J12: 25 | K12: =J12*H12 -> 191.75 | L12: 11 | N12: ELIMA SRL | O12: GL794HS | P12: 23 | Q12: GP595HE | R12: 21 | W12: sì | X12: estiva feriale lu-ve + no scol lu-ve | Y12: 19.793509 | Z12: 2.58064 | AA12: =Y12*J12 -> 494.83772 | AB12: da PDF (ordine posizionale)
A13: T.M. L.1 - Linea L1 - LAVIS | B13: 120 | C13: L01156 n5 | D13: 0.60208333 | E13: 0.61736111 | F13: SORNI - LAVIS via Nazionale | G13: Non scolastica da Lunedì a Venerdì (estate + invernale) | H13: 9.01 | I13: 19 | J13: 25 | K13: =J13*H13 -> 225.25 | L13: 12 | N13: ELIMA SRL | O13: GL794HS | P13: 23 | Q13: GP595HE | R13: 21 | W13: sì | X13: estiva feriale lu-ve + no scol lu-ve | Y13: 23.251566 | Z13: 2.58064 | AA13: =Y13*J13 -> 581.28916 | AB13: da PDF (ordine posizionale)
... A53: T.M. L.1 - Linea L1 - LAVIS | B53: 160 | C53: L01161 | D53: 0.78472222 | E53: 0.79027778 | F53: PRESSANO Piazza - LAVIS via Nazionale | G53: Non scolastica solo il Sabato (estate + invernale) | H53: 2.76 | I53: 19 | J53: 3 | K53: =J53*H53 -> 8.28 | L53: 52 | N53: ELIMA SRL | O53: GL794HS | P53: 23 | Q53: GP595HE | R53: 21 | W53: sì | X53: estiva feriale sa + no scol sa | Y53: 7.1225664 | Z53: 2.58064 | AA53: =Y53*J53 -> 21.367699 | AB53: da PDF (ordine posizionale)
A54: T.M. L.1 - Linee L1 e L2 LAVIS | B54: 10 | C54: L01151 s6 | D54: 0.27430556 | E54: 0.28958333 | F54: SORNI - LAVIS via Nazionale | G54: /S colastica da Lunedì a Venerdì | H54: 9.76 | I54: 21 | J54: 164 | K54: =J54*H54 -> 1600.64 | L54: 53 | N54: OSCAR VIAGGI DI FORMOLO OSCAR | O54: GX220WF | P54: 21 | Q54: GZ064ZJ | R54: 21 | S54: GX166WF | W54: sì | X54: scolastica lu-ve | Y54: 25.187046 | Z54: 2.58064 | AA54: =Y54*J54 -> 4130.6756 | AB54: da PDF (ordine posizionale)
A55: T.M. L.1 - Linee L1 e L2 LAVIS | B55: 20 | C55: L01102 | D55: 0.31805556 | E55: 0.33055556 | F55: LAVIS via Nazionale - SORNI | G55: /S colastica da Lunedì a Venerdì | H55: 7.67 | I55: 19 | J55: 164 | K55: =J55*H55 -> 1257.88 | L55: 54 | N55: ELIMA SRL | O55: GL794HS | P55: 23 | Q55: GP595HE | R55: 21 | W55: sì | X55: scolastica lu-ve | Y55: 19.793509 | Z55: 2.58064 | AA55: =Y55*J55 -> 3246.1354 | AB55: da PDF (ordine posizionale)
A56: T.M. L.1 - Linee L1 e L2 LAVIS | B56: 30 | C56: L01152 | D56: 0.33541667 | E56: 0.35069444 | F56: SORNI - LAVIS via Nazionale | G56: /S colastica da Lunedì a Venerdì | H56: 9.01 | I56: 19 | J56: 164 | K56: =J56*H56 -> 1477.64 | L56: 55 | N56: ELIMA SRL | O56: GL794HS | P56: 23 | Q56: GP595HE | R56: 21 | W56: sì | X56: scolastica lu-ve | Y56: 23.251566 | Z56: 2.58064 | AA56: =Y56*J56 -> 3813.2569 | AB56: da PDF (ordine posizionale)
A57: T.M. L.1 - Linee L1 e L2 LAVIS | B57: 40 | C57: L01103 | D57: 0.35972222 | E57: 0.37222222 | F57: LAVIS via Nazionale - SORNI | G57: /S colastica da Lunedì a Venerdì | H57: 7.67 | I57: 19 | J57: 164 | K57: =J57*H57 -> 1257.88 | L57: 56 | N57: ELIMA SRL | O57: GL794HS | P57: 23 | Q57: GP595HE | R57: 21 | W57: sì | X57: scolastica lu-ve | Y57: 19.793509 | Z57: 2.58064 | AA57: =Y57*J57 -> 3246.1354 | AB57: da PDF (ordine posizionale)
A58: T.M. L.1 - Linee L1 e L2 LAVIS | B58: 50 | C58: L01153 | D58: 0.37708333 | E58: 0.39236111 | F58: SORNI - LAVIS via Nazionale | G58: /S colastica da Lunedì a Venerdì | H58: 9.01 | I58: 19 | J58: 164 | K58: =J58*H58 -> 1477.64 | L58: 57 | N58: ELIMA SRL | O58: GL794HS | P58: 23 | Q58: GP595HE | R58: 21 | W58: sì | X58: scolastica lu-ve | Y58: 23.251566 | Z58: 2.58064 | AA58: =Y58*J58 -> 3813.2569 | AB58: da PDF (ordine posizionale)
A59: T.M. L.1 - Linee L1 e L2 LAVIS | B59: 60 | C59: L01104 | D59: 0.46458333 | E59: 0.47708333 | F59: LAVIS via Nazionale - SORNI | G59: /S colastica da Lunedì a Venerdì | H59: 7.67 | I59: 19 | J59: 164 | K59: =J59*H59 -> 1257.88 | L59: 58 | N59: ELIMA SRL | O59: GL794HS | P59: 23 | Q59: GP595HE | R59: 21 | W59: sì | X59: scolastica lu-ve | Y59: 19.793509 | Z59: 2.58064 | AA59: =Y59*J59 -> 3246.1354 | AB59: da PDF (ordine posizionale)
A60: T.M. L.1 - Linee L1 e L2 LAVIS | B60: 70 | C60: L01154 | D60: 0.47708333 | E60: 0.49236111 | F60: SORNI - LAVIS via Nazionale | G60: /S colastica da Lunedì a Venerdì | H60: 9.01 | I60: 19 | J60: 164 | K60: =J60*H60 -> 1477.64 | L60: 59 | N60: ELIMA SRL | O60: GL794HS | P60: 23 | Q60: GP595HE | R60: 21 | W60: sì | X60: scolastica lu-ve | Y60: 23.251566 | Z60: 2.58064 | AA60: =Y60*J60 -> 3813.2569 | AB60: da PDF (ordine posizionale)
A61: T.M. L.1 - Linee L1 e L2 LAVIS | B61: 80 | C61: L01105 | D61: 0.54791667 | E61: 0.56041667 | F61: LAVIS via Nazionale - SORNI | G61: /S colastica da Lunedì a Venerdì | H61: 7.67 | I61: 19 | J61: 164 | K61: =J61*H61 -> 1257.88 | L61: 60 | N61: ELIMA SRL | O61: GL794HS | P61: 23 | Q61: GP595HE | R61: 21 | W61: sì | X61: scolastica lu-ve | Y61: 19.793509 | Z61: 2.58064 | AA61: =Y61*J61 -> 3246.1354 | AB61: da PDF (ordine posizionale)
A62: T.M. L.1 - Linee L1 e L2 LAVIS | B62: 90 | C62: L01155 | D62: 0.56041667 | E62: 0.57569444 | F62: SORNI - LAVIS via Nazionale | G62: /S colastica da Lunedì a Venerdì | H62: 9.01 | I62: 19 | J62: 164 | K62: =J62*H62 -> 1477.64 | L62: 61 | N62: ELIMA SRL | O62: GL794HS | P62: 23 | Q62: GP595HE | R62: 21 | W62: sì | X62: scolastica lu-ve | Y62: 23.251566 | Z62: 2.58064 | AA62: =Y62*J62 -> 3813.2569 | AB62: da PDF (ordine posizionale)
A63: T.M. L.1 - Linee L1 e L2 LAVIS | B63: 100 | C63: L02103 s5 | D63: 0.59305556 | E63: 0.60277778 | F63: LAVIS via Nazionale - SORNI | G63: /S colastica da Lunedì a Venerdì | H63: 7.07 | I63: 21 | J63: 164 | K63: =J63*H63 -> 1159.48 | L63: 62 | N63: OSCAR VIAGGI DI FORMOLO OSCAR | O63: GX220WF | P63: 21 | Q63: GZ064ZJ | R63: 21 | S63: GX166WF | W63: sì | X63: scolastica lu-ve | Y63: 18.245125 | Z63: 2.58064 | AA63: =Y63*J63 -> 2992.2005 | AB63: da PDF (ordine posizionale)
A64: T.M. L.1 - Linee L1 e L2 LAVIS | B64: 110 | C64: L02153 s5 | D64: 0.60277778 | E64: 0.61527778 | F64: SORNI - LAVIS via Nazionale | G64: /S colastica da Lunedì a Venerdì | H64: 7.82 | I64: 21 | J64: 164 | K64: =J64*H64 -> 1282.48 | L64: 63 | N64: OSCAR VIAGGI DI FORMOLO OSCAR | O64: GX220WF | P64: 21 | Q64: GZ064ZJ | R64: 21 | S64: GX166WF | W64: sì | X64: scolastica lu-ve | Y64: 20.180605 | Z64: 2.58064 | AA64: =Y64*J64 -> 3309.6192 | AB64: da PDF (ordine posizionale)
A65: T.M. L.1 - Linee L1 e L2 LAVIS | B65: 120 | C65: L01107 LV | D65: 0.63125 | E65: 0.64375 | F65: LAVIS via Nazionale - SORNI | G65: /S colastica da Lunedì a Venerdì | H65: 7.67 | I65: 19 | J65: 164 | K65: =J65*H65 -> 1257.88 | L65: 64 | N65: ELIMA SRL | O65: GL794HS | P65: 23 | Q65: GP595HE | R65: 21 | W65: sì | X65: scolastica lu-ve | Y65: 19.793509 | Z65: 2.58064 | AA65: =Y65*J65 -> 3246.1354 | AB65: da PDF (ordine posizionale)
A66: T.M. L.1 - Linee L1 e L2 LAVIS | B66: 130 | C66: L01157 LV | D66: 0.64375 | E66: 0.65902778 | F66: SORNI - LAVIS via Nazionale | G66: /S colastica da Lunedì a Venerdì | H66: 9.01 | I66: 19 | J66: 164 | K66: =J66*H66 -> 1477.64 | L66: 65 | N66: ELIMA SRL | O66: GL794HS | P66: 23 | Q66: GP595HE | R66: 21 | W66: sì | X66: scolastica lu-ve | Y66: 23.251566 | Z66: 2.58064 | AA66: =Y66*J66 -> 3813.2569 | AB66: da PDF (ordine posizionale)
A67: T.M. L.1 - Linee L1 e L2 LAVIS | B67: 140 | C67: L01108 | D67: 0.65902778 | E67: 0.66666667 | F67: LAVIS via Nazionale - PRESSANO Piazza | G67: /S colastica da Lunedì a Venerdì | H67: 3.76 | I67: 19 | J67: 164 | K67: =J67*H67 -> 616.64 | L67: 66 | N67: ELIMA SRL | O67: GL794HS | P67: 23 | Q67: GP595HE | R67: 21 | W67: sì | X67: scolastica lu-ve | Y67: 9.7032064 | Z67: 2.58064 | AA67: =Y67*J67 -> 1591.3258 | AB67: da PDF (ordine posizionale)
A68: T.M. L.1 - Linee L1 e L2 LAVIS | B68: 150 | C68: L01158 | D68: 0.66666667 | E68: 0.67222222 | F68: PRESSANO Piazza - LAVIS via Nazionale | G68: /S colastica da Lunedì a Venerdì | H68: 2.76 | I68: 19 | J68: 164 | K68: =J68*H68 -> 452.64 | L68: 67 | N68: ELIMA SRL | O68: GL794HS | P68: 23 | Q68: GP595HE | R68: 21 | W68: sì | X68: scolastica lu-ve | Y68: 7.1225664 | Z68: 2.58064 | AA68: =Y68*J68 -> 1168.1009 | AB68: da PDF (ordine posizionale)
A69: T.M. L.1 - Linee L1 e L2 LAVIS | B69: 160 | C69: L01109 LV | D69: 0.67291667 | E69: 0.68541667 | F69: LAVIS via Nazionale - SORNI | G69: /S colastica da Lunedì a Venerdì | H69: 7.67 | I69: 19 | J69: 164 | K69: =J69*H69 -> 1257.88 | L69: 68 | N69: ELIMA SRL | O69: GL794HS | P69: 23 | Q69: GP595HE | R69: 21 | W69: sì | X69: scolastica lu-ve | Y69: 19.793509 | Z69: 2.58064 | AA69: =Y69*J69 -> 3246.1354 | AB69: da PDF (ordine posizionale)
A70: T.M. L.1 - Linee L1 e L2 LAVIS | B70: 170 | C70: L01159 LV | D70: 0.68541667 | E70: 0.70069444 | F70: SORNI - LAVIS via Nazionale | G70: /S colastica da Lunedì a Venerdì | H70: 9.01 | I70: 19 | J70: 164 | K70: =J70*H70 -> 1477.64 | L70: 69 | N70: ELIMA SRL | O70: GL794HS | P70: 23 | Q70: GP595HE | R70: 21 | W70: sì | X70: scolastica lu-ve | Y70: 23.251566 | Z70: 2.58064 | AA70: =Y70*J70 -> 3813.2569 | AB70: da PDF (ordine posizionale)
A71: T.M. L.1 - Linee L1 e L2 LAVIS | B71: 180 | C71: L01110 | D71: 0.71458333 | E71: 0.72708333 | F71: LAVIS via Nazionale - SORNI | G71: /S colastica da Lunedì a Venerdì | H71: 7.67 | I71: 19 | J71: 164 | K71: =J71*H71 -> 1257.88 | L71: 70 | N71: ELIMA SRL | O71: GL794HS | P71: 23 | Q71: GP595HE | R71: 21 | W71: sì | X71: scolastica lu-ve | Y71: 19.793509 | Z71: 2.58064 | AA71: =Y71*J71 -> 3246.1354 | AB71: da PDF (ordine posizionale)
A72: T.M. L.1 - Linee L1 e L2 LAVIS | B72: 190 | C72: L01160 | D72: 0.72708333 | E72: 0.74236111 | F72: SORNI - LAVIS via Nazionale | G72: /S colastica da Lunedì a Venerdì | H72: 9.01 | I72: 19 | J72: 164 | K72: =J72*H72 -> 1477.64 | L72: 71 | N72: ELIMA SRL | O72: GL794HS | P72: 23 | Q72: GP595HE | R72: 21 | W72: sì | X72: scolastica lu-ve | Y72: 23.251566 | Z72: 2.58064 | AA72: =Y72*J72 -> 3813.2569 | AB72: da PDF (ordine posizionale)
A73: T.M. L.1 - Linee L1 e L2 LAVIS | B73: 200 | C73: L01111 | D73: 0.77708333 | E73: 0.78472222 | F73: LAVIS via Nazionale - PRESSANO Piazza | G73: /S colastica da Lunedì a Venerdì | H73: 3.76 | I73: 19 | J73: 164 | K73: =J73*H73 -> 616.64 | L73: 72 | N73: ELIMA SRL | O73: GL794HS | P73: 23 | Q73: GP595HE | R73: 21 | W73: sì | X73: scolastica lu-ve | Y73: 9.7032064 | Z73: 2.58064 | AA73: =Y73*J73 -> 1591.3258 | AB73: da PDF (ordine posizionale)
A74: T.M. L.1 - Linee L1 e L2 LAVIS | B74: 210 | C74: L01161 | D74: 0.78472222 | E74: 0.79027778 | F74: PRESSANO Piazza - LAVIS via Nazionale | G74: /S colastica da Lunedì a Venerdì | H74: 2.76 | I74: 19 | J74: 164 | K74: =J74*H74 -> 452.64 | L74: 73 | N74: ELIMA SRL | O74: GL794HS | P74: 23 | Q74: GP595HE | R74: 21 | W74: sì | X74: scolastica lu-ve | Y74: 7.1225664 | Z74: 2.58064 | AA74: =Y74*J74 -> 1168.1009 | AB74: da PDF (ordine posizionale)
A75: T.M. L.2 - Linee L2 e L3 e L4 LA | B75: 10 | C75: L02151 s6 | D75: 0.27708333 | E75: 0.28958333 | F75: SORNI - LAVIS via Nazionale | G75: VSIcSolastica da Lunedì a Venerdì | H75: 7.82 | I75: 19 | J75: 164 | K75: =J75*H75 -> 1282.48 | L75: 74 | N75: ELIMA SRL | O75: GL794HS | P75: 23 | Q75: GP595HE | R75: 21 | W75: sì | X75: scolastica lu-ve | Y75: 20.180605 | Z75: 2.58064 | AA75: =Y75*J75 -> 3309.6192 | AB75: da PDF (ordine posizionale)
A76: T.M. L.2 - Linee L2 e L3 e L4 LA | B76: 20 | C76: L04101 LV | D76: 0.30138889 | E76: 0.31041667 | F76: LAVIS via Nazionale - LAVIS via Nazionale | G76: VSIcSolastica da Lunedì a Venerdì | H76: 5.76 | I76: 19 | J76: 164 | K76: =J76*H76 -> 944.64 | L76: 75 | N76: ELIMA SRL | O76: GL794HS | P76: 23 | Q76: GP595HE | R76: 21 | W76: sì | X76: scolastica lu-ve | Y76: 14.864486 | Z76: 2.58064 | AA76: =Y76*J76 -> 2437.7758 | AB76: da PDF (ordine posizionale)
... A89: T.M. L.2 - Linee L2 e L3 e L4 LA | B89: 150 | C89: L03154 LV | D89: 0.76875 | E89: 0.77222222 | F89: LAVIS "Stazione FS" - LAVIS via Nazionale | G89: VSIcSolastica da Lunedì a Venerdì | H89: 2.22 | I89: 19 | J89: 164 | K89: =J89*H89 -> 364.08 | L89: 88 | N89: ELIMA SRL | O89: GL794HS | P89: 23 | Q89: GP595HE | R89: 21 | W89: sì | X89: scolastica lu-ve | Y89: 5.7290208 | Z89: 2.58064 | AA89: =Y89*J89 -> 939.55941 | AB89: da PDF (ordine posizionale)
A90: T.M. L.1 - Linea L1 LAVIS | B90: 10 | C90: L01151 s6 | D90: 0.27430556 | E90: 0.28958333 | F90: SORNI - LAVIS via Nazionale | G90: Scolastica solo il Sabato | H90: 9.76 | I90: 21 | J90: 34 | K90: =J90*H90 -> 331.84 | L90: 89 | N90: OSCAR VIAGGI DI FORMOLO OSCAR | O90: GX220WF | P90: 21 | Q90: GZ064ZJ | R90: 21 | S90: GX166WF | W90: sì | X90: scolastica sa | Y90: 25.187046 | Z90: 2.58064 | AA90: =Y90*J90 -> 856.35958 | AB90: da PDF (ordine posizionale)
A91: T.M. L.1 - Linea L1 LAVIS | B91: 20 | C91: L01102 | D91: 0.31805556 | E91: 0.33055556 | F91: LAVIS via Nazionale - SORNI | G91: Scolastica solo il Sabato | H91: 7.67 | I91: 19 | J91: 34 | K91: =J91*H91 -> 260.78 | L91: 90 | N91: ELIMA SRL | O91: GL794HS | P91: 23 | Q91: GP595HE | R91: 21 | W91: sì | X91: scolastica sa | Y91: 19.793509 | Z91: 2.58064 | AA91: =Y91*J91 -> 672.9793 | AB91: da PDF (ordine posizionale)
A92: T.M. L.1 - Linea L1 LAVIS | B92: 30 | C92: L01152 | D92: 0.33541667 | E92: 0.35069444 | F92: SORNI - LAVIS via Nazionale | G92: Scolastica solo il Sabato | H92: 9.01 | I92: 19 | J92: 34 | K92: =J92*H92 -> 306.34 | L92: 91 | N92: ELIMA SRL | O92: GL794HS | P92: 23 | Q92: GP595HE | R92: 21 | W92: sì | X92: scolastica sa | Y92: 23.251566 | Z92: 2.58064 | AA92: =Y92*J92 -> 790.55326 | AB92: da PDF (ordine posizionale)
A93: T.M. L.1 - Linea L1 LAVIS | B93: 40 | C93: L01103 | D93: 0.35972222 | E93: 0.37222222 | F93: LAVIS via Nazionale - SORNI | G93: Scolastica solo il Sabato | H93: 7.67 | I93: 19 | J93: 34 | K93: =J93*H93 -> 260.78 | L93: 92 | N93: ELIMA SRL | O93: GL794HS | P93: 23 | Q93: GP595HE | R93: 21 | W93: sì | X93: scolastica sa | Y93: 19.793509 | Z93: 2.58064 | AA93: =Y93*J93 -> 672.9793 | AB93: da PDF (ordine posizionale)
A94: T.M. L.1 - Linea L1 LAVIS | B94: 50 | C94: L01153 | D94: 0.37708333 | E94: 0.39236111 | F94: SORNI - LAVIS via Nazionale | G94: Scolastica solo il Sabato | H94: 9.01 | I94: 19 | J94: 34 | K94: =J94*H94 -> 306.34 | L94: 93 | N94: ELIMA SRL | O94: GL794HS | P94: 23 | Q94: GP595HE | R94: 21 | W94: sì | X94: scolastica sa | Y94: 23.251566 | Z94: 2.58064 | AA94: =Y94*J94 -> 790.55326 | AB94: da PDF (ordine posizionale)
A95: T.M. L.1 - Linea L1 LAVIS | B95: 60 | C95: L01104 | D95: 0.46458333 | E95: 0.47708333 | F95: LAVIS via Nazionale - SORNI | G95: Scolastica solo il Sabato | H95: 7.67 | I95: 19 | J95: 34 | K95: =J95*H95 -> 260.78 | L95: 94 | N95: ELIMA SRL | O95: GL794HS | P95: 23 | Q95: GP595HE | R95: 21 | W95: sì | X95: scolastica sa | Y95: 19.793509 | Z95: 2.58064 | AA95: =Y95*J95 -> 672.9793 | AB95: da PDF (ordine posizionale)
A96: T.M. L.1 - Linea L1 LAVIS | B96: 70 | C96: L01154 | D96: 0.47708333 | E96: 0.49236111 | F96: SORNI - LAVIS via Nazionale | G96: Scolastica solo il Sabato | H96: 9.01 | I96: 19 | J96: 34 | K96: =J96*H96 -> 306.34 | L96: 95 | N96: ELIMA SRL | O96: GL794HS | P96: 23 | Q96: GP595HE | R96: 21 | W96: sì | X96: scolastica sa | Y96: 23.251566 | Z96: 2.58064 | AA96: =Y96*J96 -> 790.55326 | AB96: da PDF (ordine posizionale)
A97: T.M. L.1 - Linea L1 LAVIS | B97: 80 | C97: L01105 | D97: 0.54791667 | E97: 0.56041667 | F97: LAVIS via Nazionale - SORNI | G97: Scolastica solo il Sabato | H97: 7.67 | I97: 19 | J97: 34 | K97: =J97*H97 -> 260.78 | L97: 96 | N97: ELIMA SRL | O97: GL794HS | P97: 23 | Q97: GP595HE | R97: 21 | W97: sì | X97: scolastica sa | Y97: 19.793509 | Z97: 2.58064 | AA97: =Y97*J97 -> 672.9793 | AB97: da PDF (ordine posizionale)
A98: T.M. L.1 - Linea L1 LAVIS | B98: 90 | C98: L01155 | D98: 0.56041667 | E98: 0.57569444 | F98: SORNI - LAVIS via Nazionale | G98: Scolastica solo il Sabato | H98: 9.01 | I98: 19 | J98: 34 | K98: =J98*H98 -> 306.34 | L98: 97 | N98: ELIMA SRL | O98: GL794HS | P98: 23 | Q98: GP595HE | R98: 21 | W98: sì | X98: scolastica sa | Y98: 23.251566 | Z98: 2.58064 | AA98: =Y98*J98 -> 790.55326 | AB98: da PDF (ordine posizionale)
A99: T.M. L.1 - Linea L1 LAVIS | B99: 100 | C99: L01106 SA | D99: 0.58958333 | E99: 0.60208333 | F99: LAVIS via Nazionale - SORNI | G99: Scolastica solo il Sabato | H99: 7.67 | I99: 19 | J99: 34 | K99: =J99*H99 -> 260.78 | L99: 98 | N99: ELIMA SRL | O99: GL794HS | P99: 23 | Q99: GP595HE | R99: 21 | W99: sì | X99: scolastica sa | Y99: 19.793509 | Z99: 2.58064 | AA99: =Y99*J99 -> 672.9793 | AB99: da PDF (ordine posizionale)
A100: T.M. L.1 - Linea L1 LAVIS | B100: 110 | C100: L01156 SA | D100: 0.60208333 | E100: 0.61736111 | F100: SORNI - LAVIS via Nazionale | G100: Scolastica solo il Sabato | H100: 9.01 | I100: 19 | J100: 34 | K100: =J100*H100 -> 306.34 | L100: 99 | N100: ELIMA SRL | O100: GL794HS | P100: 23 | Q100: GP595HE | R100: 21 | W100: sì | X100: scolastica sa | Y100: 23.251566 | Z100: 2.58064 | AA100: =Y100*J100 -> 790.55326 | AB100: da PDF (ordine posizionale)
A101: T.M. L.1 - Linea L1 LAVIS | B101: 120 | C101: L01108 | D101: 0.65902778 | E101: 0.66666667 | F101: LAVIS via Nazionale - PRESSANO Piazza | G101: Scolastica solo il Sabato | H101: 3.76 | I101: 19 | J101: 34 | K101: =J101*H101 -> 127.84 | L101: 100 | N101: ELIMA SRL | O101: GL794HS | P101: 23 | Q101: GP595HE | R101: 21 | W101: sì | X101: scolastica sa | Y101: 9.7032064 | Z101: 2.58064 | AA101: =Y101*J101 -> 329.90902 | AB101: da PDF (ordine posizionale)
A102: T.M. L.1 - Linea L1 LAVIS | B102: 130 | C102: L01158 | D102: 0.66666667 | E102: 0.67222222 | F102: PRESSANO Piazza - LAVIS via Nazionale | G102: Scolastica solo il Sabato | H102: 2.76 | I102: 19 | J102: 34 | K102: =J102*H102 -> 93.84 | L102: 101 | N102: ELIMA SRL | O102: GL794HS | P102: 23 | Q102: GP595HE | R102: 21 | W102: sì | X102: scolastica sa | Y102: 7.1225664 | Z102: 2.58064 | AA102: =Y102*J102 -> 242.16726 | AB102: da PDF (ordine posizionale)
... A107: T.M. L.2 - Linea L2 LAVIS | B107: 10 | C107: L02151 s6 | D107: 0.27708333 | E107: 0.28958333 | F107: SORNI - LAVIS via Nazionale | G107: Scolastica solo il Sabato | H107: 7.82 | I107: 19 | J107: 34 | K107: =J107*H107 -> 265.88 | L107: 106 | N107: ELIMA SRL | O107: GL794HS | P107: 23 | Q107: GP595HE | R107: 21 | W107: sì | X107: scolastica sa | Y107: 20.180605 | Z107: 2.58064 | AA107: =Y107*J107 -> 686.14056 | AB107: da PDF (ordine posizionale)
H108: TOTALE | K108: =SUM(K2:K107) -> 44552.51 | L108: sett-magg | AA108: =SUM(AA2:AA107) -> 114973.99 | AB108: sett-magg
K110: ='LAVIS giu-ago'!K108 -> 14290.67 | L110: giu-ago | AA110: ='LAVIS giu-ago'!AA108 -> 36879.075 | AB110: giu-ago
K112: =SUM(K108:K111) -> 58843.18 | AA112: =SUM(AA108:AA111) -> 151853.06
K114: 44552.51 | AA114: 114973.99
K116: 14290.67 | AA116: 36879.075
K118: 58843.18 | AA118: 151853.06
K120: =K114-K108 -> 0 | AA120: =AA114-AA108 -> 0
K121: =K110-K116 -> 0 | AA121: =AA110-AA116 -> 0
K122: =K112-K118 -> 0 | AA122: =AA112-AA118 -> 0

Sheet CEMBRA
A1: Servizio | B1: Linea | C1: n. corsa | D1: ora part. | E1: ora arr. | F1: percorso | G1: frequenza | H1: Km corsa/servizio | I1: Posti autobus | J1: nr. Gg | K1: Tot km | L1: n° riga | M1: Esito | N1: DITTA | O1: MEZZO TITOLARE | P1: posti mezzo titolare | Q1: MEZZO DI RISERVA 1 | R1: posti mezzo di riserva 1 | S1: MEZZO DI RISERVA 2 | T1: posti mezzo di riserva 2 | U1: MEZZO DI SUPPORTO | V1: posti mezzo di supporto | W1: conferma servizi ditta | X1: frequenza CTA | Y1: tariffa 2025/2026 | Z1: tariffa/km 2025/2026 | AA1: costo annuo | AB1: nota gg (set-mag)
A2: Servizi Comunità Valle di Cembra | B2: VALLE DI CEMBRA | C2: 107 | D2: 0.36458333 | E2: 0.41597222 | F2: Piscine-Sover-Valcava bivio-Gaggio/Gresta bivio- Scancio di Segonzano-Piazzo di Segonzano bivio- Sevignano-Lona-Sevignano-Piazzo di Segonzano bivio- Piazzo di Segonzano-Faver bivio-Fadana-Cembra- Lisignago RSA-Lisignago-Ceola-Verla-Mosana-Lavis | G2: feriale dal lunedì al venerdì | H2: 43.7 | I2: 19 | J2: 189 | K2: =J2*H2 -> 8259.3 | L2: 1 | N2: BAZZAVAN S.A.S. DI BAZZANELLA ANDREA | O2: GG058PN | P2: 24 | Q2: GC917HM | R2: 23 | W2: sì | X2: annuale feriale lu-ve | Y2: 97.68 | AA2: =Y2*J2 -> 18461.52 | AB2: da PDF
A3: Servizi Comunità Valle di Cembra | B3: VALLE DI CEMBRA | C3: 108 | D3: 0.41805556 | E3: 0.45277778 | F3: Lavis-Mosana-Verla-Ceola-Lisignago-Lisignago RSA- Cembra-Fadana-Faver bivio-Faver-Valda-Grumes- Grauno | G3: feriale dal lunedì al venerdì | H3: 30.2 | I3: 19 | J3: 189 | K3: =J3*H3 -> 5707.8 | L3: 2 | N3: BAZZAVAN S.A.S. DI BAZZANELLA ANDREA | O3: GG058PN | P3: 24 | Q3: GC917HM | R3: 23 | W3: sì | X3: annuale feriale lu-ve | Y3: 67.51 | AA3: =Y3*J3 -> 12759.39 | AB3: da PDF
A4: Servizi Comunità Valle di Cembra | B4: VALLE DI CEMBRA | C4: 109 | D4: 0.45277778 | E4: 0.4875 | F4: Grauno-Grumes-Valda-Faver-Faver bivio-Fadana- Cembra-Lisignago RSA-Lisignago-Ceola-Verla-Mosana- Lavis | G4: feriale dal lunedì al venerdì | H4: 29.7 | I4: 19 | J4: 189 | K4: =J4*H4 -> 5613.3 | L4: 3 | N4: BAZZAVAN S.A.S. DI BAZZANELLA ANDREA | O4: GG058PN | P4: 24 | Q4: GC917HM | R4: 23 | W4: sì | X4: annuale feriale lu-ve | Y4: 66.39 | AA4: =Y4*J4 -> 12547.71 | AB4: da PDF
A5: Servizi Comunità Valle di Cembra | B5: VALLE DI CEMBRA | C5: 106 | D5: 0.49861111 | E5: 0.52083333 | F5: Lisignago RSA-Cembra-Fadana-Faver bivio-Piazzo di Segonzano-Piazzo di Segonzano bivio-Sevignano-Lona- Lases-Albiano via roma -Albiano | G5: feriale dal lunedì al venerdì | H5: 18.15 | I5: 19 | J5: 189 | K5: =J5*H5 -> 3430.35 | L5: 4 | N5: BAZZAVAN S.A.S. DI BAZZANELLA ANDREA | O5: GG058PN | P5: 24 | Q5: GC917HM | R5: 23 | W5: sì | X5: annuale feriale lu-ve | Y5: 40.57 | AA5: =Y5*J5 -> 7667.73 | AB5: da PDF
A6: Servizi Comunità Valle di Cembra | B6: VALLE DI CEMBRA | C6: 107 | D6: 0.57291667 | E6: 0.62152778 | F6: Piscine-Sover-Valcava bivio-Gaggio/Gresta bivio- Scancio di Segonzano-Piazzo di Segonzano bivio- Sevignano-Lona-Lases-Albiano Via Roma-Albiano- Lases-Lona-Sevignano-Piazzo di Segonzano bivio- Piazzo di Segonzano-Faver bivio-Fadana-Cembra- Lisignago RSA | G6: feriale dal lunedì al venerdì | H6: 43.21 | I6: 19 | J6: 189 | K6: =J6*H6 -> 8166.69 | L6: 5 | N6: BAZZAVAN S.A.S. DI BAZZANELLA ANDREA | O6: GG058PN | P6: 24 | Q6: GC917HM | R6: 23 | W6: sì | X6: annuale feriale lu-ve | Y6: 96.59 | AA6: =Y6*J6 -> 18255.51 | AB6: da PDF
A7: Servizi Comunità Valle di Cembra | B7: VALLE DI CEMBRA | C7: 107 | D7: 0.62152778 | E7: 0.6375 | F7: Lisigignago RSA-Lisignago-Ceola-Verla-Mosana-Lavis | G7: estiva feriale dal lunedì al venerdì + invernale non scolastico dal lunedì al venerdì | H7: 12.9 | I7: 19 | J7: 25 | K7: =J7*H7 -> 322.5 | L7: 6 | N7: BAZZAVAN S.A.S. DI BAZZANELLA ANDREA | O7: GG058PN | P7: 24 | Q7: GC917HM | R7: 23 | W7: sì | X7: estiva feriale lu-ve + no scol lu-ve | Y7: 28.84 | AA7: =Y7*J7 -> 721 | AB7: da PDF
A8: Servizi Comunità Valle di Cembra | B8: VALLE DI CEMBRA | C8: 106 | D8: 0.62847222 | E8: 0.63680556 | F8: Cembra-Fadana-Faver bivio-Piazzo di Segonzano- Piazzo di Segonzano bivio-Segonzano | G8: scolastica dal lunedì al venerdì | H8: 8.5 | I8: 19 | J8: 164 | K8: =J8*H8 -> 1394 | L8: 7 | N8: BAZZAVAN S.A.S. DI BAZZANELLA ANDREA | O8: GG058PN | P8: 24 | Q8: GC917HM | R8: 23 | W8: sì | X8: scolastica lu-ve | Y8: 19 | AA8: =Y8*J8 -> 3116 | AB8: da PDF
A9: Servizi Comunità Valle di Cembra | B9: VALLE DI CEMBRA | C9: 108 | D9: 0.64305556 | E9: 0.67777778 | F9: Lavis-Mosana-Verla-Ceola-Lisignago-Lisignago RSA- Cembra-Fadana-Faver bivio-Faver-Valda-Grumes- Grauno | G9: estiva feriale dal lunedì al venerdì + invernale non scolastico dal lunedì al venerdì | H9: 30.2 | I9: 19 | J9: 25 | K9: =J9*H9 -> 755 | L9: 8 | N9: BAZZAVAN S.A.S. DI BAZZANELLA ANDREA | O9: GG058PN | P9: 24 | Q9: GC917HM | R9: 23 | W9: sì | X9: estiva feriale lu-ve + no scol lu-ve | Y9: 67.51 | AA9: =Y9*J9 -> 1687.75 | AB9: da PDF
A10: Servizi Comunità Valle di Cembra | B10: VALLE DI CEMBRA | C10: 109 | D10: 0.67847222 | E10: 0.71319444 | F10: Grauno-Grumes-Valda-Faver-Faver bivio-Fadana- Cembra-Lisignago RSA-Lisignago-Ceola-Verla-Mosana- Lavis | G10: estiva feriale dal lunedì al venerdì + invernale non scolastico dal lunedì al venerdì | H10: 29.7 | I10: 19 | J10: 25 | K10: =J10*H10 -> 742.5 | L10: 9 | N10: BAZZAVAN S.A.S. DI BAZZANELLA ANDREA | O10: GG058PN | P10: 24 | Q10: GC917HM | R10: 23 | W10: sì | X10: estiva feriale lu-ve + no scol lu-ve | Y10: 66.39 | AA10: =Y10*J10 -> 1659.75 | AB10: da PDF
A11: Servizi Comunità Valle di Cembra | B11: VALLE DI CEMBRA | C11: 106 | D11: 0.72777778 | E11: 0.75277778 | F11: Lisignago RSA-Cembra-Fadana-Faver bivio-Piazzo di Segonzano-Piazzo di Segonzano bivio-Segonzano- Sevignano-Lona-Lases-Albiano via Roma-Albiano | G11: feriale dal lunedì al venerdì | H11: 22.87 | I11: 19 | J11: 189 | K11: =J11*H11 -> 4322.43 | L11: 10 | N11: BAZZAVAN S.A.S. DI BAZZANELLA ANDREA | O11: GG058PN | P11: 24 | Q11: GC917HM | R11: 23 | W11: sì | X11: annuale feriale lu-ve | Y11: 51.12 | AA11: =Y11*J11 -> 9661.68 | AB11: da PDF
H12: TOTALE | K12: =SUM(K2:K11) -> 38713.87 | L12: sett-magg | AA12: =SUM(AA2:AA11) -> 86538.04 | AB12: sett-magg
K14: ='CEMBRA giu-ago'!K12 -> 16297.95 | L14: giu-ago | AA14: ='CEMBRA giu-ago'!AA12 -> 36431.6 | AB14: giu-ago
K16: =SUM(K12:K15) -> 55011.82 | AA16: =SUM(AA12:AA15) -> 122969.64
K18: 38713.87 | AA18: 86538.04
K20: 16297.95 | AA20: 36431.6
K22: 55011.82 | AA22: 122969.64
K24: =K18-K12 -> 0 | AA24: =AA18-AA12 -> 0
K25: =K14-K20 -> 0 | AA25: =AA14-AA20 -> 0
K26: =K16-K22 -> 0 | AA26: =AA16-AA22 -> 0

Sheet ALBIANO
A1: Servizio | B1: Linea | C1: n. corsa | D1: ora part. | E1: ora arr. | F1: percorso | G1: frequenza | H1: Km corsa/servizio | I1: Posti autobus | J1: nr. Gg | K1: Tot km | L1: n° riga | M1: Esito | N1: DITTA | O1: MEZZO TITOLARE | P1: posti mezzo titolare | Q1: MEZZO DI RISERVA 1 | R1: posti mezzo di riserva 1 | S1: MEZZO DI RISERVA 2 | T1: posti mezzo di riserva 2 | U1: MEZZO DI SUPPORTO | V1: posti mezzo di supporto | W1: conferma servizi ditta | X1: frequenza CTA | Y1: tariffa 2025/2026 | Z1: tariffa/km 2025/2026 | AA1: costo annuo | AB1: nota gg (set-mag)
A2: SERVIZIO ALBIANO LONA LASES | B2: LONA - ALBIANO - GAZZADINA | D2: 0.30208333 | E2: 0.31666667 | F2: Gazzadina-Gazzadina Via del Porfido 61-Albiano Via S. Antonio-Albiano P.zza Degasperi-Albiano Via Roma-Lases-Lona fermata bus-Lona Parcheggio | G2: feriale dal lunedì al venerdì | H2: 13 | I2: 19 | J2: 189 | K2: =J2*H2 -> 2457 | L2: 1 | N2: D'AMICO VIAGGI S.R.L. | O2: FT467CV | P2: 23 | Q2: FZ194KS (Fersina Tour) | R2: 24 | S2: GG115WS (Giulia sas) | T2: 21 | X2: annuale feriale lu-ve | Y2: 29.06 | AA2: =Y2*J2 -> 5492.34 | AB2: da PDF
A3: SERVIZIO ALBIANO LONA LASES | B3: LONA - ALBIANO - GAZZADINA | D3: 0.31736111 | E3: 0.33333333 | F3: Lona Parcheggio-Lona fermata Bus-Lases-Albiano Via Roma-Albiano Piazza Degasperi-Albiano (Via S. Antonio) - Gazzadina Via del Porfido 61 - Gazzadina | G3: feriale dal lunedì al venerdì | H3: 13 | I3: 19 | J3: 189 | K3: =J3*H3 -> 2457 | L3: 2 | N3: D'AMICO VIAGGI S.R.L. | O3: FT467CV | P3: 23 | Q3: FZ194KS (Fersina Tour) | R3: 24 | S3: GG115WS (Giulia sas) | T3: 22 | X3: annuale feriale lu-ve | Y3: 29.06 | AA3: =Y3*J3 -> 5492.34 | AB3: da PDF
A4: SERVIZIO ALBIANO LONA LASES | B4: LONA - ALBIANO - GAZZADINA | D4: 0.36458333 | E4: 0.37916667 | F4: Gazzadina-Gazzadina Via del Porfido 61-Albiano Via S. Antonio-Albiano P.zza Degasperi-Albiano Via Roma-Lases-Lona fermata bus-Lona Parcheggio | G4: feriale dal lunedì al venerdì | H4: 13 | I4: 19 | J4: 189 | K4: =J4*H4 -> 2457 | L4: 3 | N4: D'AMICO VIAGGI S.R.L. | O4: FT467CV | P4: 23 | Q4: FZ194KS (Fersina Tour) | R4: 24 | S4: GG115WS (Giulia sas) | T4: 23 | X4: annuale feriale lu-ve | Y4: 29.06 | AA4: =Y4*J4 -> 5492.34 | AB4: da PDF
A5: SERVIZIO ALBIANO LONA LASES | B5: LONA - ALBIANO - GAZZADINA | D5: 0.39097222 | E5: 0.40625 | F5: Lona Parcheggio-Lona fermata Bus-Lases-Albiano Via Roma-Albiano Piazza Degasperi-Albiano (Via S. Antonio) - Gazzadina Via del Porfido 61 - Gazzadina | G5: feriale dal lunedì al venerdì | H5: 13 | I5: 19 | J5: 189 | K5: =J5*H5 -> 2457 | L5: 4 | N5: D'AMICO VIAGGI S.R.L. | O5: FT467CV | P5: 23 | Q5: FZ194KS (Fersina Tour) | R5: 24 | S5: GG115WS (Giulia sas) | T5: 24 | X5: annuale feriale lu-ve | Y5: 29.06 | AA5: =Y5*J5 -> 5492.34 | AB5: da PDF
A6: SERVIZIO ALBIANO LONA LASES | B6: LONA - ALBIANO - GAZZADINA | D6: 0.5 | E6: 0.51458333 | F6: Gazzadina-Gazzadina Via del Porfido 61-Albiano Via S. Antonio-Albiano P.zza Degasperi-Albiano Via Roma-Lases-Lona fermata bus-Lona Parcheggio | G6: feriale dal lunedì al venerdì | H6: 13 | I6: 19 | J6: 189 | K6: =J6*H6 -> 2457 | L6: 5 | N6: D'AMICO VIAGGI S.R.L. | O6: FT467CV | P6: 23 | Q6: FZ194KS (Fersina Tour) | R6: 24 | S6: GG115WS (Giulia sas) | T6: 25 | X6: annuale feriale lu-ve | Y6: 29.06 | AA6: =Y6*J6 -> 5492.34 | AB6: da PDF
A7: SERVIZIO ALBIANO LONA LASES | B7: LONA - ALBIANO - GAZZADINA | D7: 0.52569444 | E7: 0.54166667 | F7: Lona Parcheggio-Lona fermata Bus-Lases-Albiano Via Roma-Albiano Piazza Degasperi-Albiano (Via S. Antonio) - Gazzadina Via del Porfido 61 - Gazzadina | G7: feriale dal lunedì al venerdì | H7: 13 | I7: 19 | J7: 189 | K7: =J7*H7 -> 2457 | L7: 6 | N7: D'AMICO VIAGGI S.R.L. | O7: FT467CV | P7: 23 | Q7: FZ194KS (Fersina Tour) | R7: 24 | S7: GG115WS (Giulia sas) | T7: 26 | X7: annuale feriale lu-ve | Y7: 29.06 | AA7: =Y7*J7 -> 5492.34 | AB7: da PDF
A8: SERVIZIO ALBIANO LONA LASES | B8: LONA - ALBIANO - GAZZADINA | D8: 0.58333333 | E8: 0.59375 | F8: Gazzadina-Gazzadina Via del Porfido 61-Albiano Via S. Antonio-Albiano P.zza Degasperi-Albiano Via Roma | G8: feriale dal lunedì al venerdì | H8: 9.6 | I8: 19 | J8: 189 | K8: =J8*H8 -> 1814.4 | L8: 7 | N8: D'AMICO VIAGGI S.R.L. | O8: FT467CV | P8: 23 | Q8: FZ194KS (Fersina Tour) | R8: 24 | S8: GG115WS (Giulia sas) | T8: 27 | X8: annuale feriale lu-ve | Y8: 21.46 | AA8: =Y8*J8 -> 4055.94 | AB8: da PDF
A9: SERVIZIO ALBIANO LONA LASES | B9: LONA - ALBIANO - GAZZADINA | D9: 0.61458333 | E9: 0.625 | F9: Albiano Via Roma-Albiano Piazza Degasperi-Albiano (Via S. Antonio) - Gazzadina Via del Porfido 61 - Gazzadina | G9: feriale dal lunedì al venerdì | H9: 9.6 | I9: 19 | J9: 189 | K9: =J9*H9 -> 1814.4 | L9: 8 | N9: D'AMICO VIAGGI S.R.L. | O9: FT467CV | P9: 23 | Q9: FZ194KS (Fersina Tour) | R9: 24 | S9: GG115WS (Giulia sas) | T9: 28 | X9: annuale feriale lu-ve | Y9: 21.46 | AA9: =Y9*J9 -> 4055.94 | AB9: da PDF
A10: SERVIZIO ALBIANO LONA LASES | B10: LONA - ALBIANO - GAZZADINA | D10: 0.66666667 | E10: 0.68055556 | F10: Gazzadina-Gazzadina Via del Porfido 61-Albiano Via S. Antonio-Albiano P.zza Degasperi-Albiano Via Roma-Lases-Lona fermata bus-Lona Parcheggio | G10: scolastica dal lunedì al giovedì | H10: 13 | I10: 19 | J10: 131 | K10: =J10*H10 -> 1703 | L10: 9 | N10: D'AMICO VIAGGI S.R.L. | O10: FT467CV | P10: 23 | Q10: FZ194KS (Fersina Tour) | R10: 24 | S10: GG115WS (Giulia sas) | T10: 29 | X10: scolastica lu, ma, me, gio | Y10: 29.06 | AA10: =Y10*J10 -> 3806.86 | AB10: da PDF
A11: SERVIZIO ALBIANO LONA LASES | B11: LONA - ALBIANO - GAZZADINA | D11: 0.66666667 | E11: 0.67708333 | F11: Gazzadina-Gazzadina Via del Porfido 61-Albiano Via S. Antonio-Albiano P.zza Degasperi-Albiano Via Roma | G11: feriale solo al venerdì | H11: 9.6 | I11: 19 | J11: 37 | K11: =J11*H11 -> 355.2 | L11: 10 | N11: D'AMICO VIAGGI S.R.L. | O11: FT467CV | P11: 23 | Q11: FZ194KS (Fersina Tour) | R11: 24 | S11: GG115WS (Giulia sas) | T11: 30 | X11: annuale feriale ve | Y11: 21.46 | AA11: =Y11*J11 -> 794.02 | AB11: da PDF
A12: SERVIZIO ALBIANO LONA LASES | B12: LONA - ALBIANO - GAZZADINA | D12: 0.66666667 | E12: 0.67708333 | F12: Gazzadina-Gazzadina Via del Porfido 61-Albiano Via S. Antonio-Albiano P.zza Degasperi-Albiano Via Roma | G12: estiva feriale dal lunedì al giovedì + invernale non scolastico dal lunedì al giovedì | H12: 9.6 | I12: 19 | J12: 21 | K12: =J12*H12 -> 201.6 | L12: 11 | N12: D'AMICO VIAGGI S.R.L. | O12: FT467CV | P12: 23 | Q12: FZ194KS (Fersina Tour) | R12: 24 | S12: GG115WS (Giulia sas) | T12: 31 | X12: estiva feriale lu, ma, me, gio + no scol lu, ma, me, gio | Y12: 21.46 | AA12: =Y12*J12 -> 450.66 | AB12: da PDF
A13: SERVIZIO ALBIANO LONA LASES | B13: LONA - ALBIANO - GAZZADINA | D13: 0.69861111 | E13: 0.70347222 | F13: Lona Parcheggio-Lona fermata Bus-Lases-Albiano Via Roma-Albiano Piazza Degasperi-Albiano (Via S. Antonio) - Gazzadina Via del Porfido 61 - Gazzadina | G13: scolastica dal lunedì al giovedì | H13: 13 | I13: 19 | J13: 131 | K13: =J13*H13 -> 1703 | L13: 12 | N13: D'AMICO VIAGGI S.R.L. | O13: FT467CV | P13: 23 | Q13: FZ194KS (Fersina Tour) | R13: 24 | S13: GG115WS (Giulia sas) | T13: 32 | X13: scolastica lu, ma, me, gio | Y13: 29.06 | AA13: =Y13*J13 -> 3806.86 | AB13: da PDF
... A29: SERVIZIO ALBIANO LONA LASES | B29: LONA - ALBIANO - GAZZADINA | D29: 0.79652778 | E29: 0.80208333 | F29: Lona Parcheggio-Lona fermata Bus-Lases-Albiano Via Roma-Albiano Piazza Degasperi- | G29: feriale solo al sabato | H29: 4.8 | I29: 19 | J29: 47 | K29: =J29*H29 -> 225.6 | L29: 28 | N29: D'AMICO VIAGGI S.R.L. | O29: FT467CV | P29: 23 | Q29: FZ194KS (Fersina Tour) | R29: 24 | S29: GG115WS (Giulia sas) | T29: 48 | X29: annuale feriale sa | Y29: 10.73 | AA29: =Y29*J29 -> 504.31 | AB29: da PDF
A30: SERVIZIO ALBIANO LONA LASES | B30: LONA - ALBIANO - GAZZADINA | F30: SERVIZIO A CHIAMATA PROLUNGAMENTO BARCO DI SOTTO TRATTA GAZZADINA - BARCO DI SOTTO - ALBIANO | G30: feriale dal lunedì al sabato | H30: 1 | I30: 19 | J30: 226 | K30: =J30*H30 -> 226 | L30: 29 | N30: D'AMICO VIAGGI S.R.L. | O30: FT467CV | P30: 23 | Q30: FZ194KS (Fersina Tour) | R30: 24 | S30: GG115WS (Giulia sas) | T30: 49 | X30: annuale feriale lu-sa | Y30: 2.24 | AA30: =Y30*J30 -> 506.24 | AB30: da PDF
A31: SERVIZIO ALBIANO LONA LASES | B31: LONA - ALBIANO - GAZZADINA | F31: SERVIZIO A CHIAMATA PROLUNGAMENTO PIAZZOLE | G31: feriale dal lunedì al sabato | H31: 1 | I31: 19 | J31: 226 | K31: =J31*H31 -> 226 | L31: 30 | N31: D'AMICO VIAGGI S.R.L. | O31: FT467CV | P31: 23 | Q31: FZ194KS (Fersina Tour) | R31: 24 | S31: GG115WS (Giulia sas) | T31: 50 | X31: annuale feriale lu-sa | Y31: 2.24 | AA31: =Y31*J31 -> 506.24 | AB31: da PDF
H32: TOTALE | K32: =SUM(K2:K31) -> 39611.6 | L32: sett-magg | AA32: =SUM(AA2:AA31) -> 88549.45 | AB32: sett-magg
K34: ='CEMBRA giu-ago'!K12 -> 16297.95 | L34: giu-ago | AA34: ='ALBIANO giu-ago'!AA32 -> 26948.81 | AB34: giu-ago
K36: =SUM(K32:K35) -> 55909.55 | AA36: =SUM(AA32:AA35) -> 115498.26
K38: 39611.6 | AA38: 88549.45
K40: 16297.95 | AA40: 26948.81
K42: 55909.55 | AA42: 115498.26
K44: =K38-K32 -> 0 | AA44: =AA38-AA32 -> 0
K45: =K34-K40 -> 0 | AA45: =AA34-AA40 -> 0
K46: =K36-K42 -> 0 | AA46: =AA36-AA42 -> 0

Sheet Targhe ditte
A1: nome ditta | B1: targa | C1: Posti carta di circolazione | D1: titolarità | E1: prima immatricolazione | F1: data revisione | G1: uso | H1: Verifica età mezzo (al 01/09/2026) | I1: Entro 8 anni al 01/09/2026 | J1: NOTE | K1: N° autorizzazione valida
A2: AUTOSERVIZI MATTUZZI CLAUDIO & C. S.N.C. | B2: FB808BJ | C2: 45 | D2: titolare | E2: 42354 | F2: 45650 | G2: SCUOLA/LINEA | H2: CONFORME (max 13 anni) | I2: NO | K2: 39/2025
A3: AUTOSERVIZI MATTUZZI CLAUDIO & C. S.N.C. | B3: FE584HG | C3: 56 | D3: riserva | E3: 42727 | F3: 46008 | G3: TURISMO/SCORTA LINEA | H3: CONFORME (max 13 anni) | I3: NO | K3: 43/2025
A4: AUTOSERVIZI MATTUZZI CLAUDIO & C. S.N.C. | B4: FL183NW | C4: 33 | D4: titolare | E4: 43045 | F4: 45602 | G4: LINEA | H4: CONFORME (max 13 anni) | I4: NO | K4: 40/2025
A5: AUTOSERVIZI MATTUZZI CLAUDIO & C. S.N.C. | B5: FZ760BE | C5: 54 | D5: riserva | E5: 43840 | F5: 45707 | G5: SCUOLA/SCORTA LINEA | H5: CONFORME (max 13 anni) | I5: SI | K5: 44/2025
A6: AUTOSERVIZI MATTUZZI CLAUDIO & C. S.N.C. | B6: GF141FZ | C6: 29 | D6: riserva | E6: 44418 | F6: 45868 | G6: TURISMO/SCORTA LINEA | H6: CONFORME (max 12 anni) | I6: SI | K6: 42/2025
A7: AUTOSERVIZI MATTUZZI CLAUDIO & C. S.N.C. | B7: GT606ZH | C7: 55 | D7: titolare | E7: 45505 | F7: 45896 | G7: SCUOLA/LINEA | H7: CONFORME (max 13 anni) | I7: SI | K7: 45/2025
A8: AUTOSERVIZI MATTUZZI CLAUDIO & C. S.N.C. | B8: GY436PZ | C8: 24 | D8: titolare | E8: 45855 | F8: 45855 | G8: SCUOLA/LINEA | H8: CONFORME (max 12 anni) | I8: SI | K8: 41/2025
A9: BAZZAVAN S.A.S. DI BAZZANELLA ANDREA | B9: GC917HM | C9: 23 | D9: riserva | E9: 44098 | F9: 45875 | G9: SCUOLA/SCORTA LINEA | H9: CONFORME (max 12 anni) | I9: SI | K9: 4235/P
A10: BAZZAVAN S.A.S. DI BAZZANELLA ANDREA | B10: GG058PN | C10: 24 | D10: titolare | E10: 44498 | F10: 45945 | G10: SCUOLA/LINEA | H10: CONFORME (max 12 anni) | I10: SI | K10: 4235/P
A11: D'AMICO VIAGGI S.R.L. | B11: FT467CV | C11: 23 | D11: titolare | E11: 43362 | F11: 45714 | G11: SCUOLA/LINEA | H11: CONFORME (max 12 anni) | I11: SI | K11: 5554/P
A12: ELIMA SRL | B12: GL794HS | C12: 23 | D12: titolare | E12: 45091 | F12: 45882 | G12: SCUOLA/LINEA | H12: CONFORME (max 12 anni) | I12: SI | K12: In attesa di una copia da Martina
A13: ELIMA SRL | B13: GP595HE | C13: 21 | D13: riserva | E13: 45266 | F13: 45672 | G13: SCUOLA/SCORTA LINEA | H13: CONFORME (max 12 anni) | I13: SI | K13: In attesa di una copia da Martina
... A15: FERSINA TOUR S.R.L | B15: FR820WP | C15: 21 | D15: riserva | E15: 42724 | F15: 46001 | G15: SCUOLA/SCORTA LINEA | H15: CONFORME (max 12 anni) | I15: NO | K15: 6.8-2023-11
A16: FERSINA TOUR S.R.L | B16: FZ194KS | C16: 24 | D16: titolare | E16: 43466 | F16: 46027 | G16: SCUOLA/LINEA | H16: CONFORME (max 12 anni) | I16: SI | J16: anche riserva D'Amico | K16: 5554/P
A17: FERSINA TOUR S.R.L | B17: GG078PN | C17: 21 | D17: titolare | E17: 44508 | F17: 45896 | G17: SCUOLA/LINEA | H17: CONFORME (max 12 anni) | I17: SI | K17: 6.8-2023-11
A18: GIULIA SAS DI URECHE GEORGIANA & C. | B18: GG115WS | C18: 21 | D18: riserva | E18: 44468 | F18: 45987 | G18: SCUOLA/SCORTA LINEA | H18: CONFORME (max 12 anni) | I18: SI | J18: riserva D'Amico | K18: 2873/P 21/04/2026
A19: GROFF PAOLO | B19: FL561HC | C19: 21 | D19: titolare | E19: 42802 | F19: 45833 | G19: SCUOLA/LINEA | H19: CONFORME (max 12 anni) | I19: NO | K19: 6.8-2023-11
A20: ITALBUS S.N.C. DI CASAGRANDE ARMANDO E CHRISTIAN & C. | B20: EV877GJ | C20: 21 | D20: titolare | E20: 41575 | F20: 45952 | G20: SCUOLA/LINEA | H20: NON CONFORME (oltre 12 anni) | I20: NO | J20: DEROGA 10% MEZZI FINO A 15 ANNI | K20: 6.8-2023-11
A21: ITALBUS S.N.C. DI CASAGRANDE ARMANDO E CHRISTIAN & C. | B21: GE440VX | C21: 24 | D21: titolare | E21: 44498 | F21: 45812 | G21: SCUOLA/LINEA | H21: CONFORME (max 12 anni) | I21: SI | K21: 6.8-2023-11
A22: ITALBUS S.N.C. DI CASAGRANDE ARMANDO E CHRISTIAN & C. | B22: GP876HE | C22: 23 | D22: titolare | E22: 45385 | F22: 46197 | G22: SCUOLA/LINEA | H22: CONFORME (max 12 anni) | I22: SI | K22: 6.8-2023-11
A23: OSCAR VIAGGI DI FORMOLO OSCAR | B23: GX166WF | C23: 21 | D23: riserva | E23: 43761 | F23: 46029 | G23: SCUOLA/SCORTA LINEA | H23: CONFORME (max 12 anni) | I23: SI | K23: 21081 15/09/25
A24: OSCAR VIAGGI DI FORMOLO OSCAR | B24: GX220WF | C24: 21 | D24: titolare | E24: 43761 | F24: 46015 | G24: SCUOLA/LINEA | H24: CONFORME (max 12 anni) | I24: SI | K24: 21080 15/09/25
A25: OSCAR VIAGGI DI FORMOLO OSCAR | B25: GZ064ZJ | C25: 21 | D25: riserva | E25: 43761 | F25: 46155 | G25: SCUOLA/SCORTA LINEA | H25: CONFORME (max 12 anni) | I25: SI | K25: 21079 15/09/25
A26: SOLETANA VIAGGI S.R.L. | B26: FH513LD | C26: 56 | D26: riserva | E26: 42804 | F26: 45812 | G26: TURISMO/SCORTA LINEA | H26: CONFORME (max 13 anni) | I26: NO | K26: 46/2025
A27: SOLETANA VIAGGI S.R.L. | B27: FJ863YE | C27: 56 | D27: titolare | E27: 42921 | F27: 45952 | G27: LINEA | H27: CONFORME (max 13 anni) | I27: NO | K27: 47/2025
A28: SOLETANA VIAGGI S.R.L. | B28: GW667HX | C28: 53 | D28: riserva | E28: 41626 | F28: 46127 | G28: TURISMO/SCORTA LINEA | H28: CONFORME (max 13 anni) | I28: NO | K28: 48/2025
A29: VALBUS S.R.L. | B29: FL786HC | C29: 24 | D29: titolare | E29: 43056 | F29: 46092 | G29: SCUOLA/LINEA | H29: CONFORME (max 12 anni) | I29: NO | K29: 6.8-2023-11
A30: VALBUS S.R.L. | B30: GP809YY | C30: 22 | D30: riserva | E30: 45147 | F30: 46134 | G30: SCUOLA/SCORTA LINEA | H30: CONFORME (max 12 anni) | I30: SI | K30: 6.8-2023-11
A31: ZAMPEDRI STEFANO | B31: FE022HG | C31: 21 | D31: riserva | E31: 42543 | F31: 45917 | G31: SCUOLA/SCORTA LINEA | H31: CONFORME (max 12 anni) | I31: NO | K31: 6.8-2023-11
A32: ZAMPEDRI STEFANO | B32: GT675ZH | C32: 21 | D32: titolare | E32: 45551 | F32: 45924 | G32: SCUOLA/LINEA | H32: CONFORME (max 12 anni) | I32: SI | K32: 6.8-2023-11

Sheet PERGINE giu-ago
A1: Servizio | B1: Linea | C1: n. corsa | D1: ora part. | E1: ora arr. | F1: percorso | G1: frequenza | H1: Km corsa/servizio | I1: Posti autobus | J1: nr. Gg | K1: Tot km | L1: n° riga | M1: Esito | N1: DITTA | O1: MEZZO TITOLARE | P1: posti mezzo titolare | Q1: MEZZO DI RISERVA 1 | R1: posti mezzo di riserva 1 | S1: MEZZO DI RISERVA 2 | T1: posti mezzo di riserva 2 | U1: MEZZO DI SUPPORTO | V1: posti mezzo di supporto | W1: conferma servizi ditta | X1: frequenza CTA | Y1: tariffa 2025/2026 | Z1: tariffa/km 2025/2026 | AA1: costo annuo | AB1: nota gg (giu-ago)
A2: SERVIZIO URBANO PERGINE VALSUGANA | B2: 1 | C2: 487 | D2: 0.29722222 | E2: 0.30555556 | F2: Madrano-Pergine | G2: invernale feriale dal lunedì al sabato | H2: 4.5 | I2: 23 | J2: 25 | K2: =J2*H2 -> 112.5 | L2: 1 | N2: VALBUS S.R.L. | O2: FL786HC | P2: 24 | Q2: GP809YY | R2: 22 | S2: GP809YY | T2: 22 | X2: invernale feriale lu-sa | Y2: 18.279517 | Z2: 4.0621148 | AA2: 456.99 | AB2: da PDF
A3: SERVIZIO URBANO PERGINE VALSUGANA | B3: 1 | C3: 487 | D3: 0.30069444 | E3: 0.30902778 | F3: Madrano-Pergine | G3: estiva feriale dal lunedì al sabato | H3: 4.5 | I3: 23 | J3: 52 | K3: =J3*H3 -> 234 | L3: 2 | N3: VALBUS S.R.L. | O3: FL786HC | P3: 24 | Q3: GP809YY | R3: 22 | S3: GP809YY | T3: 22 | X3: estiva feriale lu-sa | Y3: 18.279517 | Z3: 4.0621148 | AA3: 950.53 | AB3: da PDF
A4: SERVIZIO URBANO PERGINE VALSUGANA | B4: 1 | C4: 422-399 | D4: 0.32986111 | E4: 0.35486111 | F4: Pergine - Nogarè -Nogarè - Pergine | G4: estiva feriale dal lunedì al venerdì | H4: 14 | I4: 22 | J4: 43 | K4: =J4*H4 -> 602 | L4: 3 | N4: VALBUS S.R.L. | O4: FL786HC | P4: 24 | Q4: GP809YY | R4: 22 | S4: GP809YY | T4: 22 | X4: estiva feriale lu-ve | Y4: 56.869607 | Z4: 4.0621148 | AA4: 2445.39 | AB4: da PDF
A5: SERVIZIO URBANO PERGINE VALSUGANA | B5: 1 | C5: 420-401 | D5: 0.45972222 | E5: 0.48472222 | F5: Pergine - Nogarè -Nogarè - Pergine | G5: invernale feriale dal lunedì al sabato | H5: 14 | I5: 23 | J5: 25 | K5: =J5*H5 -> 350 | L5: 4 | N5: VALBUS S.R.L. | O5: FL786HC | P5: 24 | Q5: GP809YY | R5: 22 | S5: GP809YY | T5: 22 | X5: invernale feriale lu-sa | Y5: 56.869607 | Z5: 4.0621148 | AA5: 1421.74 | AB5: da PDF
A6: SERVIZIO URBANO PERGINE VALSUGANA | B6: 1 | C6: 420-401 | D6: 0.45972222 | E6: 0.48472222 | F6: Pergine - Nogarè -Nogarè - Pergine | G6: estiva feriale dal lunedì al sabato | H6: 14 | I6: 22 | J6: 52 | K6: =J6*H6 -> 728 | L6: 5 | N6: VALBUS S.R.L. | O6: FL786HC | P6: 24 | Q6: GP809YY | R6: 22 | S6: GP809YY | T6: 22 | X6: estiva feriale lu-sa | Y6: 56.869607 | Z6: 4.0621148 | AA6: 2957.22 | AB6: da PDF
A7: SERVIZIO URBANO PERGINE VALSUGANA | B7: 1 | C7: 96-483 | D7: 0.50416667 | E7: 0.52847222 | F7: Pergine - Nogarè -Nogarè - Pergine | G7: scolastica dal lunedì al sabato | H7: 14 | I7: 22 | J7: 11 | K7: =J7*H7 -> 154 | L7: 6 | N7: ZAMPEDRI STEFANO | O7: GT675ZH | P7: 21 | Q7: FE022HG | R7: 21 | S7: FE022HG | T7: 21 | W7: sì | X7: scolastica lu-sa | Y7: 48.575327 | Z7: 3.4696662 | AA7: 534.33 | AB7: da PDF
A8: SERVIZIO URBANO PERGINE VALSUGANA | B8: 1 | C8: 96 | D8: 0.50416667 | E8: 0.51597222 | F8: Pergine-Nogarè | G8: estiva feriale dal lunedì al venerdì + invernale non scolastico dal lunedì al venerdì | H8: 7 | I8: 22 | J8: 55 | K8: =J8*H8 -> 385 | L8: 7 | N8: ZAMPEDRI STEFANO | O8: GT675ZH | P8: 21 | Q8: FE022HG | R8: 21 | S8: FE022HG | T8: 21 | W8: sì | X8: estiva feriale lu-ve + no scol lu-ve | Y8: 24.287663 | Z8: 3.4696662 | AA8: 1335.82 | AB8: da PDF
A9: SERVIZIO URBANO PERGINE VALSUGANA | B9: 1 | C9: 96 | D9: 0.50416667 | E9: 0.51597222 | F9: Pergine-Nogarè | G9: estiva feriale solo al sabato + invernale non scolastico solo al sabato | H9: 7 | I9: 22 | J9: 11 | K9: =J9*H9 -> 77 | L9: 8 | N9: ZAMPEDRI STEFANO | O9: GT675ZH | P9: 21 | Q9: FE022HG | R9: 21 | S9: FE022HG | T9: 21 | W9: sì | X9: estiva feriale sa + no scol sa | Y9: 24.287663 | Z9: 3.4696662 | AA9: 267.16 | AB9: da PDF
A10: SERVIZIO URBANO PERGINE VALSUGANA | B10: 1 | C10: 97 | D10: 0.55 | E10: 0.56180556 | F10: Nogarè -Pergine | G10: non scolastica feriale dal lunedì al sabato | H10: 7 | I10: 22 | J10: 14 | K10: =J10*H10 -> 98 | L10: 9 | N10: ITALBUS S.N.C. DI CASAGRANDE ARMANDO E CHRISTIAN & C. | O10: GE440VX | P10: 24 | Q10: GP876HE | R10: 23 | S10: EV877GJ | T10: 21 | W10: sì | X10: invernale feriale no scol lu-sa | Y10: 18.117685 | Z10: 2.5882407 | AA10: 253.65 | AB10: da PDF
A11: SERVIZIO URBANO PERGINE VALSUGANA | B11: 1 | C11: 97 | D11: 0.55 | E11: 0.56180556 | F11: Nogarè -Pergine | G11: estiva feriale dal lunedì al sabato | H11: 7 | I11: 22 | J11: 52 | K11: =J11*H11 -> 364 | L11: 10 | N11: ITALBUS S.N.C. DI CASAGRANDE ARMANDO E CHRISTIAN & C. | O11: GE440VX | P11: 24 | Q11: GP876HE | R11: 23 | S11: EV877GJ | T11: 21 | W11: sì | X11: estiva feriale lu-sa | Y11: 18.117685 | Z11: 2.5882407 | AA11: 942.12 | AB11: da PDF
A12: SERVIZIO URBANO PERGINE VALSUGANA | B12: 1 | C12: 622 | D12: 0.57291667 | E12: 0.57986111 | F12: Pergine-Canzolino | G12: scolastica dal lunedì al venerdì | H12: 4 | I12: 22 | J12: 10 | K12: =J12*H12 -> 40 | L12: 11 | N12: ITALBUS S.N.C. DI CASAGRANDE ARMANDO E CHRISTIAN & C. | O12: GE440VX | P12: 24 | Q12: GP876HE | R12: 23 | S12: EV877GJ | T12: 21 | W12: sì | X12: scolastica lu-ve | Y12: 10.352963 | Z12: 2.5882407 | AA12: 103.53 | AB12: ripartito: blocco PDF su righe sdoppiate (164 + differenza alla gemella)
A13: SERVIZIO URBANO PERGINE VALSUGANA | B13: 1 | C13: 622 | D13: 0.57291667 | E13: 0.57986111 | F13: Pergine-Canzolino | G13: scolastica sabato | H13: 4 | I13: 22 | J13: 1 | K13: =J13*H13 -> 4 | L13: 11 BIS | N13: VALBUS S.R.L. | O13: FL786HC | P13: 24 | Q13: GP809YY | R13: 22 | S13: GP809YY | T13: 22 | W13: sì | X13: scolastica sa | Y13: 16.248459 | Z13: 4.0621148 | AA13: 16.25 | AB13: stimato dalla frequenza (riga sdoppiata per corsa)
A14: SERVIZIO URBANO PERGINE VALSUGANA | B14: 1 | C14: 588-589 | D14: 0.67013889 | E14: 0.68263889 | F14: Pergine - Nogarè -Nogarè - Pergine | G14: estiva feriale dal lunedì al venerdì | H14: 14 | I14: 19 | J14: 43 | K14: =J14*H14 -> 602 | L14: 13 | N14: FERSINA TOUR S.R.L | O14: GG078PN | P14: 21 | Q14: FR820WP | R14: 21 | S14: FM703MA | T14: 10 | W14: sì | X14: estiva feriale lu-ve | Y14: 49.1022 | Z14: 3.5073 | AA14: 2111.39 | AB14: da PDF
A15: SERVIZIO URBANO PERGINE VALSUGANA | B15: 1 | C15: 588-589 | D15: 0.67013889 | E15: 0.69444444 | F15: Pergine - Nogarè -Nogarè - Pergine | G15: invernale feriale dal lunedì al venerdì | H15: 14 | I15: 19 | J15: 22 | K15: =J15*H15 -> 308 | L15: 14 | N15: FERSINA TOUR S.R.L | O15: GG078PN | P15: 21 | Q15: FR820WP | R15: 21 | S15: FM703MA | T15: 10 | W15: sì | X15: invernale feriale lu-ve | Y15: 49.1022 | Z15: 3.5073 | AA15: 1080.25 | AB15: da PDF
A16: SERVIZIO URBANO PERGINE VALSUGANA | B16: 1 | C16: 480-485 | D16: 0.75277778 | E16: 0.77777778 | F16: Pergine - Nogarè -Nogarè - Pergine | G16: invernale feriale dal lunedì al venerdì | H16: 14 | I16: 22 | J16: 22 | K16: =J16*H16 -> 308 | L16: 15 | N16: ITALBUS S.N.C. DI CASAGRANDE ARMANDO E CHRISTIAN & C. | O16: GE440VX | P16: 24 | Q16: GP876HE | R16: 23 | S16: EV877GJ | T16: 21 | W16: sì | X16: invernale feriale lu-ve | Y16: 36.23537 | Z16: 2.5882407 | AA16: 797.18 | AB16: ripartito: blocco PDF su righe sdoppiate (182 + differenza alla gemella)
A17: SERVIZIO URBANO PERGINE VALSUGANA | B17: 1 | C17: 480-485 | D17: 0.75277778 | E17: 0.77777778 | F17: Pergine - Nogarè -Nogarè - Pergine | G17: estiva feriale dal lunedì al venerdì | H17: 14 | I17: 22 | J17: 43 | K17: =J17*H17 -> 602 | L17: 15 | N17: FERSINA TOUR S.R.L | O17: GG078PN | P17: 21 | Q17: FR820WP | R17: 21 | S17: FM703MA | T17: 10 | X17: estiva feriale lu-ve | Y17: 49.1022 | Z17: 3.5073 | AA17: 2111.39 | AB17: stimato dalla frequenza (riga sdoppiata per corsa)
A18: SERVIZIO URBANO PERGINE VALSUGANA | B18: 2 | C18: 600 | D18: 0.28125 | E18: 0.30555556 | F18: Pergine-Canezza-Viarago-Serso-Canezza-Pergine | G18: invernale feriale dal lunedì al sabato | H18: 12.8 | I18: 19 | J18: 25 | K18: =J18*H18 -> 320 | L18: 16 | N18: FERSINA TOUR S.R.L | O18: GG078PN | P18: 21 | Q18: FR820WP | R18: 21 | S18: FM703MA | T18: 10 | W18: sì | X18: invernale feriale lu-sa | Y18: 44.89344 | Z18: 3.5073 | AA18: 1122.34 | AB18: da PDF
A19: SERVIZIO URBANO PERGINE VALSUGANA | B19: 2 | C19: 600 | D19: 0.28125 | E19: 0.31041667 | F19: Pergine-Canezza-Viarago-Serso-Canezza-Pergine | G19: estiva feriale dal lunedì al sabato | H19: 12.8 | I19: 19 | J19: 52 | K19: =J19*H19 -> 665.6 | L19: 17 | N19: ITALBUS S.N.C. DI CASAGRANDE ARMANDO E CHRISTIAN & C. | O19: GP876HE | P19: 23 | Q19: EV877GJ | R19: 21 | S19: GE440VX | T19: 24 | W19: sì | X19: estiva feriale lu-sa | Y19: 33.129481 | Z19: 2.5882407 | AA19: 1722.73 | AB19: da PDF
A20: SERVIZIO URBANO PERGINE VALSUGANA | B20: 2 | C20: 602 | D20: 0.46180556 | E20: 0.48402778 | F20: Pergine-Canezza-Viarago-Serso-Canezza-Pergine | G20: estiva feriale dal lunedì al sabato | H20: 12.8 | I20: 19 | J20: 52 | K20: =J20*H20 -> 665.6 | L20: 18 | N20: FERSINA TOUR S.R.L | O20: GG078PN | P20: 21 | Q20: FR820WP | R20: 21 | S20: FM703MA | T20: 10 | W20: sì | X20: estiva feriale lu-sa | Y20: 44.89344 | Z20: 3.5073 | AA20: 2334.46 | AB20: da PDF
A21: SERVIZIO URBANO PERGINE VALSUGANA | B21: 2 | C21: 604 | D21: 0.71041667 | E21: 0.73958333 | F21: Pergine-Canezza-Viarago-Serso-Canezza-Pergine | G21: invernale feriale dal lunedì al venerdì | H21: 12.8 | I21: 23 | J21: 22 | K21: =J21*H21 -> 281.6 | L21: 19 | N21: VALBUS S.R.L. | O21: FL786HC | P21: 24 | Q21: GP809YY | R21: 22 | S21: GP809YY | T21: 22 | X21: invernale feriale lu-ve | Y21: 51.995069 | Z21: 4.0621148 | AA21: 1143.89 | AB21: da PDF
A22: SERVIZIO URBANO PERGINE VALSUGANA | B22: 2 | C22: 604 | D22: 0.71041667 | E22: 0.73958333 | F22: Pergine-Canezza-Viarago-Serso-Canezza-Pergine | G22: estiva feriale dal lunedì al venerdì | H22: 12.8 | I22: 23 | J22: 43 | K22: =J22*H22 -> 550.4 | L22: 20 | N22: VALBUS S.R.L. | O22: FL786HC | P22: 24 | Q22: GP809YY | R22: 22 | S22: GP809YY | T22: 22 | X22: estiva feriale lu-ve | Y22: 51.995069 | Z22: 4.0621148 | AA22: 2235.79 | AB22: da PDF
A23: SERVIZIO URBANO PERGINE VALSUGANA | B23: 3 | C23: 475 | D23: 0.3125 | E23: 0.32291667 | F23: Zava-Pergine | G23: scolastica dal lunedì al sabato | H23: 7 | I23: 22 | J23: 11 | K23: =J23*H23 -> 77 | L23: 21 | N23: VALBUS S.R.L. | O23: FL786HC | P23: 24 | Q23: GP809YY | R23: 22 | S23: GP809YY | T23: 22 | X23: scolastica lu-sa | Y23: 28.434804 | Z23: 4.0621148 | AA23: 312.78 | AB23: da PDF
A24: SERVIZIO URBANO PERGINE VALSUGANA | B24: 3 | C24: 452 | D24: 0.55138889 | E24: 0.5625 | F24: Marie Curie - Pergine - Assizzi-Masetti - Zava | G24: scolastica sabato | H24: 9.3 | I24: 23 | J24: 1 | K24: =J24*H24 -> 9.3 | L24: 22 | N24: VALBUS S.R.L. | O24: FL786HC | P24: 24 | Q24: GP809YY | R24: 22 | S24: GP809YY | T24: 22 | X24: scolastica sa | Y24: 37.777668 | Z24: 4.0621148 | AA24: 37.78 | AB24: da PDF
A25: SERVIZIO URBANO PERGINE VALSUGANA | B25: 3 | C25: 452 | D25: 0.56597222 | E25: 0.57430556 | F25: Pergine - Assizzi-Masetti - Zava | G25: scolastica dal lunedì al venerdì | H25: 9.3 | I25: 23 | J25: 10 | K25: =J25*H25 -> 93 | L25: 23 | N25: VALBUS S.R.L. | O25: FL786HC | P25: 24 | Q25: GP809YY | R25: 22 | S25: GP809YY | T25: 22 | X25: scolastica lu-ve | Y25: 37.777668 | Z25: 4.0621148 | AA25: 377.78 | AB25: da PDF
A26: SERVIZIO URBANO PERGINE VALSUGANA | B26: 4 | C26: 498-505 | D26: 0.35902778 | E26: 0.37291667 | F26: Pergine-Ischia-Ischia-Pergine | G26: estiva feriale dal lunedì al sabato | H26: 9.6 | I26: 22 | J26: 52 | K26: =J26*H26 -> 499.2 | L26: 24 | N26: VALBUS S.R.L. | O26: FL786HC | P26: 24 | Q26: GP809YY | R26: 22 | S26: GP809YY | T26: 22 | X26: estiva feriale lu-sa | Y26: 38.996302 | Z26: 4.0621148 | AA26: 2027.81 | AB26: da PDF
A27: SERVIZIO URBANO PERGINE VALSUGANA | B27: 4 | C27: 502-509 | D27: 0.48402778 | E27: 0.49791667 | F27: Pergine-Ischia-Ischia-Pergine | G27: feriale dal lunedì al sabato | H27: 9.6 | I27: 20 | J27: 77 | K27: =J27*H27 -> 739.2 | L27: 25 | N27: ZAMPEDRI STEFANO | O27: GT675ZH | P27: 21 | Q27: FE022HG | R27: 21 | S27: FE022HG | T27: 21 | W27: sì | X27: annuale feriale lu-sa | Y27: 33.308795 | Z27: 3.4696662 | AA27: 2564.78 | AB27: da PDF
A28: SERVIZIO URBANO PERGINE VALSUGANA | B28: 4 | C28: 270 | D28: 0.55902778 | E28: 0.56875 | F28: Pergine via S.Pietro-Intermodale-Ischia | G28: scolastica dal lunedì al venerdì | H28: 6.3 | I28: 20 | J28: 10 | K28: =J28*H28 -> 63 | L28: 26 | N28: FERSINA TOUR S.R.L | O28: FZ194KS | P28: 24 | Q28: FR820WP | R28: 21 | S28: FM703MA | T28: 10 | X28: scolastica lu-ve | Y28: 22.09599 | Z28: 3.5073 | AA28: 220.96 | AB28: da PDF
A29: SERVIZIO URBANO PERGINE VALSUGANA | B29: 4 | C29: 504-511 | D29: 0.71180556 | E29: 0.72569444 | F29: Pergine-Ischia-Ischia-Pergine | G29: estiva feriale dal lunedì al venerdì | H29: 9.6 | I29: 20 | J29: 43 | K29: =J29*H29 -> 412.8 | L29: 27 | N29: ZAMPEDRI STEFANO | O29: GT675ZH | P29: 21 | Q29: FE022HG | R29: 21 | S29: FE022HG | T29: 21 | W29: sì | X29: estiva feriale lu-ve | Y29: 33.308795 | Z29: 3.4696662 | AA29: 1432.28 | AB29: da PDF
A30: SERVIZIO URBANO PERGINE VALSUGANA | B30: 4 | C30: 504-511 | D30: 0.71180556 | E30: 0.73402778 | F30: Pergine-Ischia-Ischia-Pergine | G30: invernale feriale dal lunedì al venerdì | H30: 9.6 | I30: 20 | J30: 22 | K30: =J30*H30 -> 211.2 | L30: 28 | N30: ZAMPEDRI STEFANO | O30: GT675ZH | P30: 21 | Q30: FE022HG | R30: 21 | S30: FE022HG | T30: 21 | W30: sì | X30: invernale feriale lu-ve | Y30: 33.308795 | Z30: 3.4696662 | AA30: 732.79 | AB30: da PDF
A31: SERVIZIO URBANO PERGINE VALSUGANA | B31: 4 | C31: 504-511 | D31: 0.71875 | E31: 0.72361111 | F31: Ischia - Tenna-Tenna - Ischia | G31: scolastica dal lunedì al venerdì | H31: 7 | I31: 20 | J31: 10 | K31: =J31*H31 -> 70 | L31: 29 | N31: ZAMPEDRI STEFANO | O31: GT675ZH | P31: 21 | Q31: FE022HG | R31: 21 | S31: FE022HG | T31: 21 | W31: sì | X31: scolastica lu-ve | Y31: 24.287663 | Z31: 3.4696662 | AA31: 242.88 | AB31: da PDF
A32: SERVIZIO URBANO PERGINE VALSUGANA | B32: 5 | C32: 479 | D32: 0.27291667 | E32: 0.28680556 | F32: Masi (Valcanover) - S. Caterina-San Cristoforo | G32: scolastica dal lunedì al sabato | H32: 8 | I32: 20 | J32: 11 | K32: =J32*H32 -> 88 | L32: 30 | N32: ITALBUS S.N.C. DI CASAGRANDE ARMANDO E CHRISTIAN & C. | O32: EV877GJ | P32: 21 | Q32: GP876HE | R32: 23 | S32: GE440VX | T32: 24 | W32: sì | X32: scolastica lu-sa | Y32: 20.705926 | Z32: 2.5882407 | AA32: 227.77 | AB32: da PDF
A33: SERVIZIO URBANO PERGINE VALSUGANA | B33: 5 | C33: 215 | D33: 0.27916667 | E33: 0.29097222 | F33: Maso Gretter - S.Vito - Susà-Pergine | G33: scolastica dal lunedì al sabato | H33: 5.85 | I33: 23 | J33: 11 | K33: =J33*H33 -> 64.35 | L33: 31 | N33: ITALBUS S.N.C. DI CASAGRANDE ARMANDO E CHRISTIAN & C. | O33: GE440VX | P33: 24 | Q33: GP876HE | R33: 23 | S33: EV877GJ | T33: 21 | W33: sì | X33: scolastica lu-sa | Y33: 15.141208 | Z33: 2.5882407 | AA33: 166.55 | AB33: da PDF
A34: SERVIZIO URBANO PERGINE VALSUGANA extracapitolato | B34: 5 | C34: 215 | D34: 0.28125 | E34: 0.29097222 | F34: S.Vito-Susà-Pergine | G34: estiva feriale dal lunedì al sabato | H34: 5 | I34: 23 | J34: 52 | K34: =J34*H34 -> 260 | L34: 32 | N34: ITALBUS S.N.C. DI CASAGRANDE ARMANDO E CHRISTIAN & C. | O34: GE440VX | P34: 24 | Q34: GP876HE | R34: 23 | S34: EV877GJ | T34: 21 | W34: sì | X34: estiva feriale lu-sa | Y34: 12.941204 | Z34: 2.5882407 | AA34: 672.94 | AB34: da PDF
A35: SERVIZIO URBANO PERGINE VALSUGANA | B35: 5 | C35: 459 | D35: 0.28680556 | E35: 0.31111111 | F35: Masi - S. Caterina- Pergine | G35: scolastica dal lunedì al venerdì | H35: 13.8 | I35: 20 | J35: 10 | K35: =J35*H35 -> 138 | L35: 33 | N35: ITALBUS S.N.C. DI CASAGRANDE ARMANDO E CHRISTIAN & C. | O35: EV877GJ | P35: 21 | Q35: GP876HE | R35: 23 | S35: GE440VX | T35: 24 | W35: sì | X35: scolastica lu-ve | Y35: 35.717722 | Z35: 2.5882407 | AA35: 357.18 | AB35: da PDF
A36: SERVIZIO URBANO PERGINE VALSUGANA | B36: 5 | C36: 459 | D36: 0.30555556 | E36: 0.32777778 | F36: Masi - S. Caterina- Pergine | G36: scolastica sabato | H36: 13.8 | I36: 20 | J36: 1 | K36: =J36*H36 -> 13.8 | L36: 34 | N36: ITALBUS S.N.C. DI CASAGRANDE ARMANDO E CHRISTIAN & C. | O36: EV877GJ | P36: 21 | Q36: GP876HE | R36: 23 | S36: GE440VX | T36: 24 | W36: sì | X36: scolastica sa | Y36: 35.717722 | Z36: 2.5882407 | AA36: 35.72 | AB36: da PDF
A37: SERVIZIO URBANO PERGINE VALSUGANA | B37: 5 | C37: 521 | D37: 0.29513889 | E37: 0.3 | F37: Canale -Pergine (diretta) | G37: scolastica dal lunedì al venerdì | H37: 2.9 | I37: 20 | J37: 10 | K37: =J37*H37 -> 29 | L37: 35 | N37: ZAMPEDRI STEFANO | O37: GT675ZH | P37: 21 | Q37: FE022HG | R37: 21 | S37: FE022HG | T37: 21 | W37: sì | X37: scolastica lu-ve | Y37: 10.062032 | Z37: 3.4696662 | AA37: 100.62 | AB37: da PDF
A38: SERVIZIO URBANO PERGINE VALSUGANA | B38: 5 | C38: 521 | D38: 0.3 | E38: 0.30694444 | F38: Canale - Susà- Pergine | G38: estiva feriale dal lunedì al sabato + invernale non scolastico dal lunedì al sabato | H38: 4 | I38: 20 | J38: 66 | K38: =J38*H38 -> 264 | L38: 36 | N38: ZAMPEDRI STEFANO | O38: GT675ZH | P38: 21 | Q38: FE022HG | R38: 21 | S38: FE022HG | T38: 21 | W38: sì | X38: estiva feriale lu-sa + no scol lu-sa | Y38: 13.878665 | Z38: 3.4696662 | AA38: 915.99 | AB38: da PDF (testo frequenza troncato nel PDF)
A39: SERVIZIO URBANO PERGINE VALSUGANA | B39: 5 | C39: 521 | D39: 0.3 | E39: 0.30694444 | F39: Canale - Susà- Pergine | G39: scolastica sabato | H39: 4 | I39: 20 | J39: 1 | K39: =J39*H39 -> 4 | L39: 37 | N39: ZAMPEDRI STEFANO | O39: GT675ZH | P39: 21 | Q39: FE022HG | R39: 21 | S39: FE022HG | T39: 21 | W39: sì | X39: scolastica sa | Y39: 13.878665 | Z39: 3.4696662 | AA39: 13.88 | AB39: stimato dalla frequenza (riga sdoppiata per corsa)
A40: SERVIZIO URBANO PERGINE VALSUGANA | B40: 5 | C40: 521 | D40: 0.30208333 | E40: 0.30694444 | F40: Susà- Pergine | G40: scolastica dal lunedì al venerdì | H40: 2.3 | I40: 20 | J40: 10 | K40: =J40*H40 -> 23 | L40: 38 | N40: ZAMPEDRI STEFANO | O40: GT675ZH | P40: 21 | Q40: FE022HG | R40: 21 | S40: FE022HG | T40: 21 | W40: sì | X40: scolastica lu-ve | Y40: 7.9802323 | Z40: 3.4696662 | AA40: 79.8 | AB40: da PDF
... A42: SERVIZIO URBANO PERGINE VALSUGANA | B42: 5 | C42: 520-523 | D42: 0.35763889 | E42: 0.37222222 | F42: Pergine - Susà - Canale-Canale - Pergine | G42: invernale feriale dal lunedì al sabato | H42: 8 | I42: 20 | J42: 25 | K42: =J42*H42 -> 200 | L42: 40 | N42: ITALBUS S.N.C. DI CASAGRANDE ARMANDO E CHRISTIAN & C. | O42: EV877GJ | P42: 21 | Q42: GP876HE | R42: 23 | S42: GE440VX | T42: 24 | W42: sì | X42: invernale feriale lu-sa | Y42: 20.705926 | Z42: 2.5882407 | AA42: 517.65 | AB42: da PDF
A43: SERVIZIO URBANO PERGINE VALSUGANA | B43: 5 | C43: 607 | D43: 0.39930556 | E43: 0.41527778 | F43: S.Vito-S.Caterina-Pergine | G43: feriale solo al martedì e al sabato | H43: 10 | I43: 23 | J43: 24 | K43: =J43*H43 -> 240 | L43: 41 | N43: VALBUS S.R.L. | O43: FL786HC | P43: 24 | Q43: GP809YY | R43: 22 | S43: GP809YY | T43: 22 | X43: annuale feriale ma, sa | Y43: 40.621148 | Z43: 4.0621148 | AA43: 974.91 | AB43: da PDF
A44: SERVIZIO URBANO PERGINE VALSUGANA | B44: 5 | C44: 607 | D44: 0.39930556 | E44: 0.40902778 | F44: S.Vito-Pergine | G44: invernale solo al lunedì e al giovedì feriale | H44: 5 | I44: 22 | J44: 9 | K44: =J44*H44 -> 45 | L44: 42 | N44: VALBUS S.R.L. | O44: FL786HC | P44: 24 | Q44: GP809YY | R44: 22 | S44: GP809YY | T44: 22 | X44: invernale feriale lu, gio | Y44: 20.310574 | Z44: 4.0621148 | AA44: 182.8 | AB44: da PDF
A45: SERVIZIO URBANO PERGINE VALSUGANA | B45: 5 | C45: 524-539 | D45: 0.42013889 | E45: 0.45138889 | F45: Pergine - S.Caterina-S.Caterina - Pergine | G45: feriale dal lunedì al venerdì | H45: 16 | I45: 20 | J45: 65 | K45: =J45*H45 -> 1040 | L45: 43 | N45: ZAMPEDRI STEFANO | O45: GT675ZH | P45: 21 | Q45: FE022HG | R45: 21 | S45: FE022HG | T45: 21 | W45: sì | X45: annuale feriale lu-ve | Y45: 55.514659 | Z45: 3.4696662 | AA45: 3608.45 | AB45: da PDF
A46: SERVIZIO URBANO PERGINE VALSUGANA | B46: 5 | C46: 524-539 | D46: 0.42013889 | E46: 0.45138889 | F46: Pergine - S.Caterina-S.Caterina - Pergine | G46: feriale solo al sabato | H46: 16 | I46: 20 | J46: 15 | K46: =J46*H46 -> 240 | L46: 44 | N46: ZAMPEDRI STEFANO | O46: GT675ZH | P46: 21 | Q46: FE022HG | R46: 21 | S46: FE022HG | T46: 21 | W46: sì | X46: annuale feriale sa | Y46: 55.514659 | Z46: 3.4696662 | AA46: 832.72 | AB46: da PDF
A47: SERVIZIO URBANO PERGINE VALSUGANA | B47: 5 | C47: 606 | D47: 0.50347222 | E47: 0.52430556 | F47: Pergine - Susà - Canale-S.Caterina-S.Vito | G47: feriale solo al martedì e al sabato | H47: 11 | I47: 23 | J47: 24 | K47: =J47*H47 -> 264 | L47: 45 | N47: VALBUS S.R.L. | O47: FL786HC | P47: 24 | Q47: GP809YY | R47: 22 | S47: GP809YY | T47: 22 | X47: annuale feriale ma, sa | Y47: 44.683263 | Z47: 4.0621148 | AA47: 1072.4 | AB47: da PDF
A48: SERVIZIO URBANO PERGINE VALSUGANA | B48: 5 | C48: 606 | D48: 0.50347222 | E48: 0.51180556 | F48: Pergine-Susà-S.Vito | G48: invernale solo al lunedì e al giovedì feriale | H48: 5 | I48: 22 | J48: 9 | K48: =J48*H48 -> 45 | L48: 46 | N48: VALBUS S.R.L. | O48: FL786HC | P48: 24 | Q48: GP809YY | R48: 22 | S48: GP809YY | T48: 22 | X48: invernale feriale lu, gio | Y48: 20.310574 | Z48: 4.0621148 | AA48: 182.8 | AB48: da PDF
A49: SERVIZIO URBANO PERGINE VALSUGANA | B49: 5 | C49: 624 | D49: 0.54305556 | E49: 0.55694444 | F49: Pergine - Susà - Canale-S.Caterina | G49: scolastica dal lunedì al sabato | H49: 8 | I49: 22 | J49: 11 | K49: =J49*H49 -> 88 | L49: 47 | N49: ITALBUS S.N.C. DI CASAGRANDE ARMANDO E CHRISTIAN & C. | O49: GP876HE | P49: 23 | Q49: EV877GJ | R49: 21 | S49: GE440VX | T49: 24 | W49: sì | X49: scolastica lu-sa | Y49: 20.705926 | Z49: 2.5882407 | AA49: 227.77 | AB49: da PDF
A50: SERVIZIO URBANO PERGINE VALSUGANA | B50: 5 | C50: 628 | D50: 0.55555556 | E50: 0.56944444 | F50: Pergine via S.Pietro-Susà-via Angi-Canale | G50: scolastica dal lunedì al sabato | H50: 5.5 | I50: 20 | J50: 11 | K50: =J50*H50 -> 60.5 | L50: 48 | N50: ITALBUS S.N.C. DI CASAGRANDE ARMANDO E CHRISTIAN & C. | O50: EV877GJ | P50: 21 | Q50: GP876HE | R50: 23 | S50: GE440VX | T50: 24 | W50: sì | X50: scolastica lu-sa | Y50: 14.235324 | Z50: 2.5882407 | AA50: 156.59 | AB50: da PDF
A51: SERVIZIO URBANO PERGINE VALSUGANA | B51: 5 | C51: 628 | D51: 0.55555556 | E51: 0.56944444 | F51: Pergine via S.Pietro-Canale (c.sa bis) diretta | G51: scolastica dal lunedì al venerdì | H51: 3 | I51: 23 | J51: 10 | K51: =J51*H51 -> 30 | L51: 49 | N51: VALBUS S.R.L. | O51: FL786HC | P51: 24 | Q51: GP809YY | R51: 22 | S51: GP809YY | T51: 22 | X51: scolastica lu-ve | Y51: 12.186344 | Z51: 4.0621148 | AA51: 121.86 | AB51: da PDF
A52: SERVIZIO URBANO PERGINE VALSUGANA | B52: 5 | C52: 444 | D52: 0.57291667 | E52: 0.59444444 | F52: Pergine-MASI DI MEZZO - S. Caterina | G52: scolastica dal lunedì al sabato | H52: 9.5 | I52: 20 | J52: 11 | K52: =J52*H52 -> 104.5 | L52: 50 | N52: ITALBUS S.N.C. DI CASAGRANDE ARMANDO E CHRISTIAN & C. | O52: GE440VX | P52: 24 | Q52: GP876HE | R52: 23 | S52: EV877GJ | T52: 21 | W52: sì | X52: scolastica lu-sa | Y52: 24.588287 | Z52: 2.5882407 | AA52: 270.47 | AB52: da PDF
A53: SERVIZIO URBANO PERGINE VALSUGANA | B53: 5 | C53: 236 | D53: 0.58194444 | E53: 0.59305556 | F53: Pergine-S.Vito - Maso Gretter | G53: scolastica dal lunedì al sabato | H53: 6.7 | I53: 23 | J53: 11 | K53: =J53*H53 -> 73.7 | L53: 51 | N53: VALBUS S.R.L. | O53: FL786HC | P53: 24 | Q53: GP809YY | R53: 22 | S53: GP809YY | T53: 22 | X53: scolastica lu-sa | Y53: 27.216169 | Z53: 4.0621148 | AA53: 299.38 | AB53: da PDF
A54: SERVIZIO URBANO PERGINE VALSUGANA | B54: 5 | C54: 541 | D54: 0.59375 | E54: 0.60763889 | F54: S. Caterina - Canale - Susà-Pergine | G54: scolastica dal lunedì al venerdì | H54: 7.1 | I54: 20 | J54: 10 | K54: =J54*H54 -> 71 | L54: 52 | N54: ITALBUS S.N.C. DI CASAGRANDE ARMANDO E CHRISTIAN & C. | O54: GE440VX | P54: 24 | Q54: GP876HE | R54: 23 | S54: EV877GJ | T54: 21 | W54: sì | X54: scolastica lu-ve | Y54: 18.376509 | Z54: 2.5882407 | AA54: 183.77 | AB54: ripartito: blocco invernale lu-ve 182 = 164 scol + 18 non scol
A55: SERVIZIO URBANO PERGINE VALSUGANA | B55: 5 | C55: 541 | D55: 0.59375 | E55: 0.60763889 | F55: S. Caterina - Canale - Susà-Pergine | G55: non scolastica dal lunedì al venerdì | H55: 7.1 | I55: 20 | J55: 12 | K55: =J55*H55 -> 85.2 | L55: 52 BIS | N55: ITALBUS S.N.C. DI CASAGRANDE ARMANDO E CHRISTIAN & C. | O55: GE440VX | P55: 24 | Q55: GP876HE | R55: 23 | S55: EV877GJ | T55: 21 | X55: invernale feriale no scol lu-ve | Y55: 18.376509 | Z55: 2.5882407 | AA55: 220.52 | AB55: ripartito: blocco invernale lu-ve 182 = 164 scol + 18 non scol
A56: SERVIZIO URBANO PERGINE VALSUGANA | B56: 5 | C56: 235 | D56: 0.59375 | E56: 0.60347222 | F56: S. Vito-Pergine | G56: scolastica dal lunedì al sabato | H56: 5 | I56: 22 | J56: 11 | K56: =J56*H56 -> 55 | L56: 53 | N56: VALBUS S.R.L. | O56: FL786HC | P56: 24 | Q56: GP809YY | R56: 22 | S56: GP809YY | T56: 22 | X56: scolastica lu-sa | Y56: 20.310574 | Z56: 4.0621148 | AA56: 223.42 | AB56: da PDF
A57: SERVIZIO URBANO PERGINE VALSUGANA | B57: 5 | C57: 541 | D57: 0.60069444 | E57: 0.60763889 | F57: Canale - Susà-Pergine | G57: estiva feriale dal lunedì al venerdì | H57: 4 | I57: 20 | J57: 43 | K57: =J57*H57 -> 172 | L57: 54 | N57: ITALBUS S.N.C. DI CASAGRANDE ARMANDO E CHRISTIAN & C. | O57: GE440VX | P57: 24 | Q57: GP876HE | R57: 23 | S57: EV877GJ | T57: 21 | W57: sì | X57: estiva feriale lu-ve | Y57: 10.352963 | Z57: 2.5882407 | AA57: 445.18 | AB57: da PDF
A58: SERVIZIO URBANO PERGINE VALSUGANA | B58: 5 | C58: 644 | D58: 0.66319444 | E58: 0.67638889 | F58: Pergine v.S.Pietro-Pergine Intermodale-Susà-Canale | G58: scolastica dal lunedì al venerdì | H58: 5.5 | I58: 22 | J58: 10 | K58: =J58*H58 -> 55 | L58: 55 | N58: ITALBUS S.N.C. DI CASAGRANDE ARMANDO E CHRISTIAN & C. | O58: GP876HE | P58: 23 | Q58: EV877GJ | R58: 21 | S58: GE440VX | T58: 24 | W58: sì | X58: scolastica lu-ve | Y58: 14.235324 | Z58: 2.5882407 | AA58: 142.35 | AB58: da PDF
A59: SERVIZIO URBANO PERGINE VALSUGANA | B59: 5 | C59: 528-545 | D59: 0.73611111 | E59: 0.75694444 | F59: Pergine - Valcanover-Valcanover - Pergine | G59: feriale dal lunedì al venerdì | H59: 11 | I59: 20 | J59: 65 | K59: =J59*H59 -> 715 | L59: 56 | N59: ZAMPEDRI STEFANO | O59: GT675ZH | P59: 21 | Q59: FE022HG | R59: 21 | S59: FE022HG | T59: 21 | W59: sì | X59: annuale feriale lu-ve | Y59: 38.166328 | Z59: 3.4696662 | AA59: 2480.81 | AB59: da PDF
A60: SERVIZIO URBANO PERGINE VALSUGANA | B60: 5 | C60: 238 | D60: 0.75347222 | E60: 0.76180556 | F60: Pergine-S.Vito | G60: scolastica dal lunedì al venerdì | H60: 5 | I60: 23 | J60: 10 | K60: =J60*H60 -> 50 | L60: 57 | N60: ITALBUS S.N.C. DI CASAGRANDE ARMANDO E CHRISTIAN & C. | O60: GP876HE | P60: 23 | Q60: EV877GJ | R60: 21 | S60: GE440VX | T60: 24 | W60: sì | X60: scolastica lu-ve | Y60: 12.941204 | Z60: 2.5882407 | AA60: 129.41 | AB60: da PDF
A61: SERVIZIO URBANO PERGINE VALSUGANA | B61: 6 | C61: 201 | D61: 0.28194444 | E61: 0.29236111 | F61: Roncogno-Pergine | G61: estiva feriale dal lunedì al venerdì | H61: 6 | I61: 20 | J61: 43 | K61: =J61*H61 -> 258 | L61: 58 | N61: ZAMPEDRI STEFANO | O61: GT675ZH | P61: 21 | Q61: FE022HG | R61: 21 | S61: FE022HG | T61: 21 | W61: sì | X61: estiva feriale lu-ve | Y61: 20.817997 | Z61: 3.4696662 | AA61: 895.17 | AB61: da PDF
A62: SERVIZIO URBANO PERGINE VALSUGANA | B62: 6 | C62: 491 | D62: 0.29722222 | E62: 0.30763889 | F62: RONCOGNO - Costasavina-Pergine | G62: scolastica dal lunedì al sabato | H62: 6 | I62: 24 | J62: 11 | K62: =J62*H62 -> 66 | L62: 59 | N62: ITALBUS S.N.C. DI CASAGRANDE ARMANDO E CHRISTIAN & C. | O62: GE440VX | P62: 24 | Q62: GP876HE | R62: 23 | S62: EV877GJ | T62: 21 | W62: sì | X62: scolastica lu-sa | Y62: 15.529444 | Z62: 2.5882407 | AA62: 170.82 | AB62: da PDF
A63: SERVIZIO URBANO PERGINE VALSUGANA | B63: 6 | C63: 291 | D63: 0.31388889 | E63: 0.32291667 | F63: Fornaci di Roncogno-Pergine Rodari/Garbari (c.sa bis) | G63: scolastica dal lunedì al venerdì | H63: 3.5 | I63: 24 | J63: 10 | K63: =J63*H63 -> 35 | L63: 60 | N63: ITALBUS S.N.C. DI CASAGRANDE ARMANDO E CHRISTIAN & C. | O63: GE440VX | P63: 24 | Q63: GP876HE | R63: 23 | S63: EV877GJ | T63: 21 | W63: sì | X63: scolastica lu-ve | Y63: 9.0588426 | Z63: 2.5882407 | AA63: 90.59 | AB63: da PDF
A64: SERVIZIO URBANO PERGINE VALSUGANA | B64: 6 | C64: 492-203 | D64: 0.38194444 | E64: 0.4 | F64: Pergine - Roncogno-Roncogno - Pergine | G64: feriale dal lunedì al sabato | H64: 10 | I64: 20 | J64: 77 | K64: =J64*H64 -> 770 | L64: 61 | N64: ZAMPEDRI STEFANO | O64: GT675ZH | P64: 21 | Q64: FE022HG | R64: 21 | S64: FE022HG | T64: 21 | W64: sì | X64: annuale feriale lu-sa | Y64: 34.696662 | Z64: 3.4696662 | AA64: 2671.64 | AB64: da PDF
A65: SERVIZIO URBANO PERGINE VALSUGANA | B65: 6 | C65: 244-247 | D65: 0.55555556 | E65: 0.57638889 | F65: Pergine V. S.Pietro - Centro Intermodale - Costasavina - Roncogno -Roncogno - Centro Intermodale | G65: scolastica dal lunedì al sabato | H65: 11.5 | I65: 19 | J65: 11 | K65: =J65*H65 -> 126.5 | L65: 62 | N65: GROFF PAOLO | O65: FL561HC | P65: 21 | Q65: FL561HC | R65: 21 | W65: sì | X65: scolastica lu-sa | Y65: 25.7048 | AA65: 282.75 | AB65: da PDF
A66: SERVIZIO URBANO PERGINE VALSUGANA | B66: 6 | C66: 496-501 | D66: 0.71180556 | E66: 0.72986111 | F66: Pergine - Costasavina - Roncogno-Roncogno - Pergine | G66: feriale dal lunedì al venerdì | H66: 10 | I66: 22 | J66: 65 | K66: =J66*H66 -> 650 | L66: 63 | N66: ITALBUS S.N.C. DI CASAGRANDE ARMANDO E CHRISTIAN & C. | O66: GP876HE | P66: 23 | Q66: EV877GJ | R66: 21 | S66: GE440VX | T66: 24 | W66: sì | X66: annuale feriale lu-ve | Y66: 25.882407 | Z66: 2.5882407 | AA66: 1682.36 | AB66: da PDF
A67: SERVIZIO URBANO PERGINE VALSUGANA | B67: 8 | C67: 549-550-551 | D67: 0.34027778 | E67: 0.39375 | F67: 8.10 Pergine-Osp.Villa Rosa-Pergine 8.40 Pergine-Osp.Villa Rosa-Pergine 9.10 Pergine-Osp.Villa Rosa-Pergine | G67: invernale feriale dal lunedì al sabato | H67: 10.5 | I67: 23 | J67: 25 | K67: =J67*H67 -> 262.5 | L67: 64 | N67: VALBUS S.R.L. | O67: FL786HC | P67: 24 | Q67: GP809YY | R67: 22 | S67: GP809YY | T67: 22 | X67: invernale feriale lu-sa | Y67: 42.652205 | Z67: 4.0621148 | AA67: 1066.31 | AB67: da PDF
A68: SERVIZIO URBANO PERGINE VALSUGANA | B68: 8 | C68: 549-551 | D68: 0.34513889 | E68: 0.39375 | F68: 8.17 Osp.Villa Rosa-Zivignago e rit. 9.17 Osp.Villa Rosa-Zivignago e rit. | G68: invernale feriale dal lunedì al sabato | H68: 2.4 | I68: 23 | J68: 25 | K68: =J68*H68 -> 60 | L68: 65 | N68: VALBUS S.R.L. | O68: FL786HC | P68: 24 | Q68: GP809YY | R68: 22 | S68: GP809YY | T68: 22 | X68: invernale feriale lu-sa | Y68: 9.7490755 | Z68: 4.0621148 | AA68: 243.73 | AB68: da PDF
A69: SERVIZIO URBANO PERGINE VALSUGANA | B69: 8 | C69: 552-553-554-556-557 | D69: 0.41180556 | E69: 0.51875 | F69: 9.45 Pergine-Osp.Villa Rosa-Pergine 10.10 Pergine-Osp.Villa Rosa-Pergine 10.40 Pergine-Osp.Villa Rosa-Pergine 11.10 Pergine-Osp.Villa Rosa-Pergine 12.10 Pergine-Osp.Villa Rosa-Pergine | G69: invernale feriale dal lunedì al sabato | H69: 17.5 | I69: 22 | J69: 25 | K69: =J69*H69 -> 437.5 | L69: 66 | N69: ITALBUS S.N.C. DI CASAGRANDE ARMANDO E CHRISTIAN & C. | O69: GE440VX | P69: 24 | Q69: GP876HE | R69: 23 | S69: EV877GJ | T69: 21 | W69: sì | X69: invernale feriale lu-sa | Y69: 45.294213 | Z69: 2.5882407 | AA69: 1132.36 | AB69: stimato dalla frequenza (riga sdoppiata per corsa)
A70: SERVIZIO URBANO PERGINE VALSUGANA | B70: 8 | C70: 555 | D70: 0.48611111 | E70: 0.49791667 | F70: 11.40 Pergine-Osp.Villa Rosa-Pergine | G70: invernale feriale sabato | H70: 3.5 | I70: 22 | J70: 3 | K70: =J70*H70 -> 10.5 | L70: 66 BIS | N70: VALBUS S.R.L. | O70: GE440VX | P70: 24 | Q70: GP876HE | R70: 23 | S70: EV877GJ | T70: 21 | X70: invernale feriale sa | Y70: 14.217402 | Z70: 4.0621148 | AA70: 42.65 | AB70: derivato: blocco inv. lun-sab 218 = 182 lu-ve + 36 sab
A71: SERVIZIO URBANO PERGINE VALSUGANA | B71: 8 | C71: 555 | D71: 0.44444444 | E71: 0.45625 | F71: 11.40 Pergine-Osp.Villa Rosa-Pergine | G71: invernale feriale dal lunedì al venerdì | H71: 3.5 | I71: 19 | J71: 22 | K71: =J71*H71 -> 77 | L71: 66 TRIS | N71: ITALBUS S.N.C. DI CASAGRANDE ARMANDO E CHRISTIAN & C. | O71: FL786HC | P71: 24 | Q71: GP809YY | R71: 22 | S71: GP809YY | T71: 22 | X71: invernale feriale lu-ve | Y71: 9.0588426 | Z71: 2.5882407 | AA71: 199.29 | AB71: derivato: blocco inv. lun-sab 218 = 182 lu-ve + 36 sab
A72: SERVIZIO URBANO PERGINE VALSUGANA | B72: 8 | C72: 553-555-557 | D72: 0.42847222 | E72: 0.51875 | F72: 10.17 Osp.Villa Rosa-Zivignago e rit. 11.17 Osp.Villa Rosa-Zivignago e rit. 12.17 Osp.Villa Rosa-Zivignago e rit. | G72: invernale feriale dal lunedì al sabato | H72: 3.6 | I72: 22 | J72: 25 | K72: =J72*H72 -> 90 | L72: 67 | N72: ITALBUS S.N.C. DI CASAGRANDE ARMANDO E CHRISTIAN & C. | O72: GE440VX | P72: 24 | Q72: GP876HE | R72: 23 | S72: EV877GJ | T72: 21 | W72: sì | X72: invernale feriale lu-sa | Y72: 9.3176666 | Z72: 2.5882407 | AA72: 232.94 | AB72: da PDF
A73: SERVIZIO URBANO PERGINE VALSUGANA | B73: 8 | C73: 558 | D73: 0.52777778 | E73: 0.53819444 | F73: 12.40 Pergine-Osp.Villa Rosa-Pergine | G73: invernale feriale dal lunedì al sabato | H73: 3.5 | I73: 23 | J73: 25 | K73: =J73*H73 -> 87.5 | L73: 68 | N73: VALBUS S.R.L. | O73: FL786HC | P73: 24 | Q73: GP809YY | R73: 22 | S73: GP809YY | T73: 22 | X73: invernale feriale lu-sa | Y73: 14.217402 | Z73: 4.0621148 | AA73: 355.44 | AB73: da PDF
A74: SERVIZIO URBANO PERGINE VALSUGANA | B74: 8 | C74: 564 | D74: 0.69444444 | E74: 0.70486111 | F74: 16.40 Pergine-Osp.Villa Rosa-Pergine | G74: invernale feriale dal lunedì al sabato | H74: 3.5 | I74: 23 | J74: 25 | K74: =J74*H74 -> 87.5 | L74: 69 | N74: ITALBUS S.N.C. DI CASAGRANDE ARMANDO E CHRISTIAN & C. | O74: EV877GJ | P74: 21 | Q74: GP876HE | R74: 23 | S74: GE440VX | T74: 24 | W74: sì | X74: invernale feriale lu-sa | Y74: 9.0588426 | Z74: 2.5882407 | AA74: 226.47 | AB74: da PDF
A75: SERVIZIO URBANO PERGINE VALSUGANA | B75: 8 | C75: 559-560-561-565 | D75: 0.54861111 | E75: 0.72708333 | F75: 13.10 Pergine-Osp.Villa Rosa-Pergine 14.40 Pergine-Osp.Villa Rosa-Pergine 15.10 Pergine-Osp.Villa Rosa-Pergine 17.10 Pergine-Osp.Villa Rosa-Pergine | G75: invernale feriale dal lunedì al sabato | H75: 14 | I75: 19 | J75: 25 | K75: =J75*H75 -> 350 | L75: 70 | N75: FERSINA TOUR S.R.L | O75: GG078PN | P75: 21 | Q75: FR820WP | R75: 21 | S75: FM703MA | T75: 10 | W75: sì | X75: invernale feriale lu-sa | Y75: 49.1022 | Z75: 3.5073 | AA75: 1227.55 | AB75: stimato dalla frequenza (riga sdoppiata per corsa)
A76: SERVIZIO URBANO PERGINE VALSUGANA | B76: 8 | C76: 563 | D76: 0.67361111 | E76: 0.68541667 | F76: 16.10 Pergine-Osp.Villa Rosa-Pergine | G76: invernale feriale sabato | H76: 3.5 | I76: 19 | J76: 3 | K76: =J76*H76 -> 10.5 | L76: 70 BIS | N76: FERSINA TOUR S.R.L | O76: GG078PN | P76: 21 | Q76: FR820WP | R76: 21 | S76: FM703MA | T76: 10 | X76: invernale feriale sa | Y76: 12.27555 | Z76: 3.5073 | AA76: 36.83 | AB76: derivato: blocco inv. lun-sab 218 = 182 lu-ve + 36 sab
A77: SERVIZIO URBANO PERGINE VALSUGANA | B77: 8 | C77: 563 | D77: 0.67361111 | E77: 0.68541667 | F77: 16.10 Pergine-Osp.Villa Rosa-Pergine | G77: invernale feriale dal lunedì al venerdì | H77: 3.5 | I77: 19 | J77: 22 | K77: =J77*H77 -> 77 | L77: 70 TRIS | N77: ITALBUS S.N.C. DI CASAGRANDE ARMANDO E CHRISTIAN & C. | O77: EV877GJ | P77: 21 | Q77: GP876HE | R77: 23 | S77: GE440VX | T77: 24 | X77: invernale feriale lu-ve | Y77: 9.0588426 | Z77: 2.5882407 | AA77: 199.29 | AB77: derivato: blocco inv. lun-sab 218 = 182 lu-ve + 36 sab
A78: SERVIZIO URBANO PERGINE VALSUGANA | B78: 8 | C78: 560-565 | D78: 0.61597222 | E78: 0.72708333 | F78: 14.47 Osp.Villa Rosa-Zivignago e rit. 17.17 Osp.Villa Rosa-Zivignago e rit. | G78: invernale feriale dal lunedì al sabato | H78: 2.4 | I78: 19 | J78: 25 | K78: =J78*H78 -> 60 | L78: 71 | N78: FERSINA TOUR S.R.L | O78: GG078PN | P78: 21 | Q78: FR820WP | R78: 21 | S78: FM703MA | T78: 10 | W78: sì | X78: invernale feriale lu-sa | Y78: 8.41752 | Z78: 3.5073 | AA78: 210.44 | AB78: stimato dalla frequenza (riga sdoppiata per corsa)
A79: SERVIZIO URBANO PERGINE VALSUGANA | B79: 8 | C79: 563 | D79: 0.67847222 | E79: 0.68541667 | F79: 16.17 Osp.Villa Rosa-Zivignago e rit. | G79: invernale feriale sabato | H79: 1.2 | I79: 19 | J79: 3 | K79: =J79*H79 -> 3.6 | L79: 71 BIS | N79: FERSINA TOUR S.R.L | O79: GG078PN | P79: 21 | Q79: FR820WP | R79: 21 | S79: FM703MA | T79: 10 | X79: invernale feriale sa | Y79: 4.20876 | Z79: 3.5073 | AA79: 12.63 | AB79: derivato: blocco inv. lun-sab 218 = 182 lu-ve + 36 sab
A80: SERVIZIO URBANO PERGINE VALSUGANA | B80: 8 | C80: 563 | D80: 0.67847222 | E80: 0.68541667 | F80: 16.17 Osp.Villa Rosa-Zivignago e rit. | G80: invernale feriale dal lunedì al venerdì | H80: 1.2 | I80: 19 | J80: 22 | K80: =J80*H80 -> 26.4 | L80: 71 TRIS | N80: ITALBUS S.N.C. DI CASAGRANDE ARMANDO E CHRISTIAN & C. | O80: EV877GJ | P80: 21 | Q80: GP876HE | R80: 23 | S80: GE440VX | T80: 24 | X80: invernale feriale lu-ve | Y80: 3.1058889 | Z80: 2.5882407 | AA80: 68.33 | AB80: derivato: blocco inv. lun-sab 218 = 182 lu-ve + 36 sab
A81: SERVIZIO URBANO PERGINE VALSUGANA | B81: 5 | C81: 236 | D81: 0.58194444 | E81: 0.59305556 | F81: Pergine-S.Vito (corsa bis) | G81: scolastica dal lunedì al sabato | H81: 5 | I81: 19 | J81: 11 | K81: =J81*H81 -> 55 | L81: 72 | N81: GROFF PAOLO | O81: FL561HC | P81: 21 | W81: sì | X81: scolastica lu-sa | Y81: 15.25 | AA81: 167.75 | AB81: da PDF
A82: SERVIZIO URBANO PERGINE VALSUGANA | B82: 5 | C82: 170 | D82: 0.59375 | E82: 0.60347222 | F82: S. Vito-Pergine (corsa bis) | G82: scolastica dal lunedì al sabato | H82: 5 | I82: 19 | J82: 11 | K82: =J82*H82 -> 55 | L82: 73 | N82: GROFF PAOLO | O82: FL561HC | P82: 21 | W82: sì | X82: scolastica lu-sa | Y82: 15.25 | AA82: 167.75 | AB82: da PDF
A83: SERVIZIO URBANO PERGINE VALSUGANA | B83: 5 | C83: 215 | D83: 0.28125 | E83: 0.29097222 | F83: S.Vito-Susà-Pergine (corsa bis) | G83: scolastica dal lunedì al venerdì | H83: 5 | I83: 19 | J83: 10 | K83: =J83*H83 -> 50 | L83: 74 | N83: ITALBUS S.N.C. DI CASAGRANDE ARMANDO E CHRISTIAN & C. | O83: GE440VX | P83: 24 | Q83: GP876HE | R83: 23 | S83: EV877GJ | T83: 21 | W83: sì | X83: scolastica lu-ve | Y83: 12.941204 | Z83: 2.5882407 | AA83: 129.41 | AB83: da PDF
H84: TOTALE KM | K84: =SUM(K2:K83) -> 17944.95 | AA84: 326585.31

Sheet ARCO giu-ago
A1: Servizio | B1: Linea | C1: n. corsa | D1: ora part. | E1: ora arr. | F1: percorso | G1: frequenza | H1: Km corsa/servizio | I1: Posti autobus | J1: nr. Gg | K1: Tot km | L1: n° riga | M1: Esito | N1: DITTA | O1: MEZZO TITOLARE | P1: posti mezzo titolare | Q1: MEZZO DI RISERVA 1 | R1: posti mezzo di riserva 1 | S1: MEZZO DI RISERVA 2 | T1: posti mezzo di riserva 2 | U1: MEZZO DI SUPPORTO | V1: posti mezzo di supporto | W1: conferma servizi ditta | X1: frequenza CTA | Y1: tariffa 2025/2026 | Z1: tariffa/km 2025/2026 | AA1: costo annuo | AB1: nota gg (giu-ago)
A2: SERVIZIO ALTO GARDA (COMUNE DI ARCO) | B2: 869 | C2: 533 | D2: 0.29861111 | E2: 0.31180556 | F2: Campi-Riva del Garda | G2: non scolastica feriale dal lunedì al sabato | H2: 13.9 | I2: 23 | J2: 14 | K2: =J2*H2 -> 194.6 | L2: 1 | N2: AUTOSERVIZI MATTUZZI CLAUDIO & C. S.N.C. | O2: FB808BJ | P2: 45 | Q2: FL183NW | R2: 33 | S2: GF141FZ | T2: 29 | X2: invernale feriale no scol lu-ve | Y2: 62.02 | AA2: =Y2*J2 -> 868.28 | AB2: da PDF
A3: SERVIZIO ALTO GARDA (COMUNE DI ARCO) | B3: 869 | C3: 533 | D3: 0.29861111 | E3: 0.31805556 | F3: Campi-Riva v.le Martiri | G3: scolastica dal lunedì al sabato | H3: 14.4 | I3: 44 | J3: 11 | K3: =J3*H3 -> 158.4 | L3: 2 | N3: AUTOSERVIZI MATTUZZI CLAUDIO & C. S.N.C. | O3: FB808BJ | P3: 45 | Q3: FL183NW | R3: 33 | S3: GF141FZ | T3: 29 | X3: scolastica lu-sa | Y3: 63.12 | AA3: =Y3*J3 -> 694.32 | AB3: da PDF
A4: SERVIZIO ALTO GARDA (COMUNE DI ARCO) | B4: 869 | C4: 533 | D4: 0.29861111 | E4: 0.31180556 | F4: Campi-Riva del Garda | G4: estiva feriale dal lunedì al sabato | H4: 13.9 | I4: 23 | J4: 52 | K4: =J4*H4 -> 722.8 | L4: 3 | N4: AUTOSERVIZI MATTUZZI CLAUDIO & C. S.N.C. | O4: FB808BJ | P4: 45 | Q4: FL183NW | R4: 33 | S4: GF141FZ | T4: 29 | X4: estiva feriale lu-sa | Y4: 62.02 | AA4: =Y4*J4 -> 3225.04 | AB4: da PDF
A5: SERVIZIO ALTO GARDA (COMUNE DI ARCO) | B5: 869 | C5: 555 | D5: 0.54513889 | E5: 0.55833333 | F5: Campi-Riva del Garda | G5: feriale dal lunedì al sabato | H5: 13.9 | I5: 23 | J5: 77 | K5: =J5*H5 -> 1070.3 | L5: 4 | N5: AUTOSERVIZI MATTUZZI CLAUDIO & C. S.N.C. | O5: FL183NW | P5: 33 | Q5: GY436PZ | R5: 24 | S5: GF141FZ | T5: 29 | X5: annuale feriale lu-sa | Y5: 31.07 | AA5: =Y5*J5 -> 2392.39 | AB5: da PDF
A6: SERVIZIO ALTO GARDA (COMUNE DI ARCO) | B6: 869 | C6: 557 | D6: 0.57638889 | E6: 0.58958333 | F6: Campi-Riva del Garda | G6: scolastica dal lunedì al sabato | H6: 13.9 | I6: 23 | J6: 11 | K6: =J6*H6 -> 152.9 | L6: 5 | N6: AUTOSERVIZI MATTUZZI CLAUDIO & C. S.N.C. | O6: GY436PZ | P6: 24 | Q6: FL183NW | R6: 33 | S6: GF141FZ | T6: 29 | X6: scolastica lu-sa | Y6: 31.07 | AA6: =Y6*J6 -> 341.77 | AB6: da PDF
A7: SERVIZIO ALTO GARDA (COMUNE DI ARCO) | B7: 869 | C7: 554 | D7: 0.52569444 | E7: 0.54305556 | F7: Riva v.le Martiri-Campi | G7: feriale dal lunedì al sabato | H7: 13.9 | I7: 23 | J7: 77 | K7: =J7*H7 -> 1070.3 | L7: 6 | N7: AUTOSERVIZI MATTUZZI CLAUDIO & C. S.N.C. | O7: GY436PZ | P7: 24 | Q7: FL183NW | R7: 33 | S7: GF141FZ | T7: 29 | X7: annuale feriale lu-sa | Y7: 31.07 | AA7: =Y7*J7 -> 2392.39 | AB7: da PDF
A8: SERVIZIO ALTO GARDA (COMUNE DI ARCO) | B8: 869 | C8: 556 | D8: 0.55833333 | E8: 0.57638889 | F8: Riva v.le Martiri-Campi | G8: scolastica dal lunedì al sabato | H8: 12 | I8: 23 | J8: 11 | K8: =J8*H8 -> 132 | L8: 7 | N8: AUTOSERVIZI MATTUZZI CLAUDIO & C. S.N.C. | O8: GY436PZ | P8: 24 | Q8: FL183NW | R8: 33 | S8: GF141FZ | T8: 29 | X8: scolastica lu-sa | Y8: 26.83 | AA8: =Y8*J8 -> 295.13 | AB8: da PDF
A9: SERVIZIO ALTO GARDA (COMUNE DI ARCO) | B9: 869 | C9: 560 | D9: 0.59375 | E9: 0.60763889 | F9: Riva d.G-Campi | G9: scolastica dal lunedì al venerdì | H9: 12 | I9: 23 | J9: 10 | K9: =J9*H9 -> 120 | L9: 8 | N9: AUTOSERVIZI MATTUZZI CLAUDIO & C. S.N.C. | O9: GY436PZ | P9: 24 | Q9: FL183NW | R9: 33 | S9: GF141FZ | T9: 29 | X9: scolastica lu-ve | Y9: 26.83 | AA9: =Y9*J9 -> 268.3 | AB9: da PDF
A10: SERVIZIO ALTO GARDA (COMUNE DI ARCO) | B10: 869 | C10: 558 | D10: 0.75694444 | E10: 0.77777778 | F10: Riva v.le Martiri-Campi | G10: feriale dal lunedì al sabato | H10: 13.9 | I10: 23 | J10: 77 | K10: =J10*H10 -> 1070.3 | L10: 9 | N10: AUTOSERVIZI MATTUZZI CLAUDIO & C. S.N.C. | O10: GY436PZ | P10: 24 | Q10: FL183NW | R10: 33 | S10: GF141FZ | T10: 29 | X10: annuale feriale lu-sa | Y10: 62.02 | AA10: =Y10*J10 -> 4775.54 | AB10: da PDF
A11: SERVIZIO ALTO GARDA (COMUNE DI ARCO) | B11: 863 | C11: 803 | D11: 0.32638889 | E11: 0.33402778 | F11: Riva d.G.-Arco | G11: scolastica dal lunedì al venerdì | H11: 6 | I11: 23 | J11: 10 | K11: =J11*H11 -> 60 | L11: 10 | N11: SOLETANA VIAGGI S.R.L. | O11: FJ863YE | P11: 56 | Q11: GW667HX | R11: 53 | S11: FH513LD | T11: 56 | X11: scolastica lu-ve | Y11: 152.4 | AA11: =Y11*J11 -> 1524 | AB11: da PDF
A12: SERVIZIO ALTO GARDA (COMUNE DI ARCO) | B12: 862 | C12: 501 | D12: 0.31319444 | E12: 0.32013889 | F12: Varone Sega-Riva del Garda | G12: scolastica dal lunedì al venerdì | H12: 4 | I12: 50 | J12: 10 | K12: =J12*H12 -> 40 | L12: 11 | N12: AUTOSERVIZI MATTUZZI CLAUDIO & C. S.N.C. | O12: GT606ZH | P12: 55 | Q12: FE584HG | R12: 56 | S12: FZ760BE | T12: 54 | X12: scolastica lu-ve | Y12: 18.29 | AA12: =Y12*J12 -> 182.9 | AB12: da PDF
H13: TOTALE KM | K13: =SUM(K2:K12) -> 4791.6 | AA13: =SUM(AA2:AA12) -> 16960.06

Sheet LAVIS giu-ago
A1: Servizio | B1: Linea | C1: n. corsa | D1: ora part. | E1: ora arr. | F1: percorso | G1: frequenza | H1: Km corsa/servizio | I1: Posti autobus | J1: nr. Gg | K1: Tot km | L1: n° riga | M1: Esito | N1: DITTA | O1: MEZZO TITOLARE | P1: posti mezzo titolare | Q1: MEZZO DI RISERVA 1 | R1: posti mezzo di riserva 1 | S1: MEZZO DI RISERVA 2 | T1: posti mezzo di riserva 2 | U1: MEZZO DI SUPPORTO | V1: posti mezzo di supporto | W1: conferma servizi ditta | X1: frequenza CTA | Y1: tariffa 2025/2026 | Z1: tariffa/km 2025/2026 | AA1: costo annuo | AB1: nota gg (giu-ago)
A2: T.M. L.1 - Linea L1 - LAVIS | B2: 10 | C2: L01101 n5 | D2: 0.27222222 | E2: 0.27430556 | F2: SORNI bivio - SORNI | G2: Non scolastica da Lunedì a Venerdì (estate + invernale) | H2: 1.13 | I2: 19 | J2: 55 | K2: =J2*H2 -> 62.15 | L2: 1 | N2: ELIMA SRL | O2: GL794HS | P2: 23 | Q2: GP595HE | R2: 21 | W2: sì | X2: estiva feriale lu-ve + no scol lu-ve | Y2: 2.9161232 | Z2: 2.58064 | AA2: =Y2*J2 -> 160.38678 | AB2: da PDF (ordine posizionale)
A3: T.M. L.1 - Linea L1 - LAVIS | B3: 20 | C3: L01151 n5 | D3: 0.27430556 | E3: 0.28958333 | F3: SORNI - LAVIS via Nazionale | G3: Non scolastica da Lunedì a Venerdì (estate + invernale) | H3: 9.01 | I3: 19 | J3: 55 | K3: =J3*H3 -> 495.55 | L3: 2 | N3: ELIMA SRL | O3: GL794HS | P3: 23 | Q3: GP595HE | R3: 21 | W3: sì | X3: estiva feriale lu-ve + no scol lu-ve | Y3: 23.251566 | Z3: 2.58064 | AA3: =Y3*J3 -> 1278.8362 | AB3: da PDF (ordine posizionale)
A4: T.M. L.1 - Linea L1 - LAVIS | B4: 30 | C4: L01102 | D4: 0.31805556 | E4: 0.33055556 | F4: LAVIS via Nazionale - SORNI | G4: Non scolastica da Lunedì a Venerdì (estate + invernale) | H4: 7.67 | I4: 19 | J4: 55 | K4: =J4*H4 -> 421.85 | L4: 3 | N4: ELIMA SRL | O4: GL794HS | P4: 23 | Q4: GP595HE | R4: 21 | W4: sì | X4: estiva feriale lu-ve + no scol lu-ve | Y4: 19.793509 | Z4: 2.58064 | AA4: =Y4*J4 -> 1088.643 | AB4: da PDF (ordine posizionale)
A5: T.M. L.1 - Linea L1 - LAVIS | B5: 40 | C5: L01152 | D5: 0.33541667 | E5: 0.35069444 | F5: SORNI - LAVIS via Nazionale | G5: Non scolastica da Lunedì a Venerdì (estate + invernale) | H5: 9.01 | I5: 19 | J5: 55 | K5: =J5*H5 -> 495.55 | L5: 4 | N5: ELIMA SRL | O5: GL794HS | P5: 23 | Q5: GP595HE | R5: 21 | W5: sì | X5: estiva feriale lu-ve + no scol lu-ve | Y5: 23.251566 | Z5: 2.58064 | AA5: =Y5*J5 -> 1278.8362 | AB5: da PDF (ordine posizionale)
A6: T.M. L.1 - Linea L1 - LAVIS | B6: 50 | C6: L01103 | D6: 0.35972222 | E6: 0.37222222 | F6: LAVIS via Nazionale - SORNI | G6: Non scolastica da Lunedì a Venerdì (estate + invernale) | H6: 7.67 | I6: 19 | J6: 55 | K6: =J6*H6 -> 421.85 | L6: 5 | N6: ELIMA SRL | O6: GL794HS | P6: 23 | Q6: GP595HE | R6: 21 | W6: sì | X6: estiva feriale lu-ve + no scol lu-ve | Y6: 19.793509 | Z6: 2.58064 | AA6: =Y6*J6 -> 1088.643 | AB6: da PDF (ordine posizionale)
A7: T.M. L.1 - Linea L1 - LAVIS | B7: 60 | C7: L01153 | D7: 0.37708333 | E7: 0.39236111 | F7: SORNI - LAVIS via Nazionale | G7: Non scolastica da Lunedì a Venerdì (estate + invernale) | H7: 9.01 | I7: 19 | J7: 55 | K7: =J7*H7 -> 495.55 | L7: 6 | N7: ELIMA SRL | O7: GL794HS | P7: 23 | Q7: GP595HE | R7: 21 | W7: sì | X7: estiva feriale lu-ve + no scol lu-ve | Y7: 23.251566 | Z7: 2.58064 | AA7: =Y7*J7 -> 1278.8362 | AB7: da PDF (ordine posizionale)
A8: T.M. L.1 - Linea L1 - LAVIS | B8: 70 | C8: L01104 | D8: 0.46458333 | E8: 0.47708333 | F8: LAVIS via Nazionale - SORNI | G8: Non scolastica da Lunedì a Venerdì (estate + invernale) | H8: 7.67 | I8: 19 | J8: 55 | K8: =J8*H8 -> 421.85 | L8: 7 | N8: ELIMA SRL | O8: GL794HS | P8: 23 | Q8: GP595HE | R8: 21 | W8: sì | X8: estiva feriale lu-ve + no scol lu-ve | Y8: 19.793509 | Z8: 2.58064 | AA8: =Y8*J8 -> 1088.643 | AB8: da PDF (ordine posizionale)
A9: T.M. L.1 - Linea L1 - LAVIS | B9: 80 | C9: L01154 | D9: 0.47708333 | E9: 0.49236111 | F9: SORNI - LAVIS via Nazionale | G9: Non scolastica da Lunedì a Venerdì (estate + invernale) | H9: 9.01 | I9: 19 | J9: 55 | K9: =J9*H9 -> 495.55 | L9: 8 | N9: ELIMA SRL | O9: GL794HS | P9: 23 | Q9: GP595HE | R9: 21 | W9: sì | X9: estiva feriale lu-ve + no scol lu-ve | Y9: 23.251566 | Z9: 2.58064 | AA9: =Y9*J9 -> 1278.8362 | AB9: da PDF (ordine posizionale)
A10: T.M. L.1 - Linea L1 - LAVIS | B10: 90 | C10: L01105 | D10: 0.54791667 | E10: 0.56041667 | F10: LAVIS via Nazionale - SORNI | G10: Non scolastica da Lunedì a Venerdì (estate + invernale) | H10: 7.67 | I10: 19 | J10: 55 | K10: =J10*H10 -> 421.85 | L10: 9 | N10: ELIMA SRL | O10: GL794HS | P10: 23 | Q10: GP595HE | R10: 21 | W10: sì | X10: estiva feriale lu-ve + no scol lu-ve | Y10: 19.793509 | Z10: 2.58064 | AA10: =Y10*J10 -> 1088.643 | AB10: da PDF (ordine posizionale)
A11: T.M. L.1 - Linea L1 - LAVIS | B11: 100 | C11: L01155 | D11: 0.56041667 | E11: 0.57569444 | F11: SORNI - LAVIS via Nazionale | G11: Non scolastica da Lunedì a Venerdì (estate + invernale) | H11: 9.01 | I11: 19 | J11: 55 | K11: =J11*H11 -> 495.55 | L11: 10 | N11: ELIMA SRL | O11: GL794HS | P11: 23 | Q11: GP595HE | R11: 21 | W11: sì | X11: estiva feriale lu-ve + no scol lu-ve | Y11: 23.251566 | Z11: 2.58064 | AA11: =Y11*J11 -> 1278.8362 | AB11: da PDF (ordine posizionale)
A12: T.M. L.1 - Linea L1 - LAVIS | B12: 110 | C12: L01106 n5 | D12: 0.58958333 | E12: 0.60208333 | F12: LAVIS via Nazionale - SORNI | G12: Non scolastica da Lunedì a Venerdì (estate + invernale) | H12: 7.67 | I12: 19 | J12: 55 | K12: =J12*H12 -> 421.85 | L12: 11 | N12: ELIMA SRL | O12: GL794HS | P12: 23 | Q12: GP595HE | R12: 21 | W12: sì | X12: estiva feriale lu-ve + no scol lu-ve | Y12: 19.793509 | Z12: 2.58064 | AA12: =Y12*J12 -> 1088.643 | AB12: da PDF (ordine posizionale)
A13: T.M. L.1 - Linea L1 - LAVIS | B13: 120 | C13: L01156 n5 | D13: 0.60208333 | E13: 0.61736111 | F13: SORNI - LAVIS via Nazionale | G13: Non scolastica da Lunedì a Venerdì (estate + invernale) | H13: 9.01 | I13: 19 | J13: 55 | K13: =J13*H13 -> 495.55 | L13: 12 | N13: ELIMA SRL | O13: GL794HS | P13: 23 | Q13: GP595HE | R13: 21 | W13: sì | X13: estiva feriale lu-ve + no scol lu-ve | Y13: 23.251566 | Z13: 2.58064 | AA13: =Y13*J13 -> 1278.8362 | AB13: da PDF (ordine posizionale)
... A53: T.M. L.1 - Linea L1 - LAVIS | B53: 160 | C53: L01161 | D53: 0.78472222 | E53: 0.79027778 | F53: PRESSANO Piazza - LAVIS via Nazionale | G53: Non scolastica solo il Sabato (estate + invernale) | H53: 2.76 | I53: 19 | J53: 11 | K53: =J53*H53 -> 30.36 | L53: 52 | N53: ELIMA SRL | O53: GL794HS | P53: 23 | Q53: GP595HE | R53: 21 | W53: sì | X53: estiva feriale sa + no scol sa | Y53: 7.1225664 | Z53: 2.58064 | AA53: =Y53*J53 -> 78.34823 | AB53: da PDF (ordine posizionale)
A54: T.M. L.1 - Linee L1 e L2 LAVIS | B54: 10 | C54: L01151 s6 | D54: 0.27430556 | E54: 0.28958333 | F54: SORNI - LAVIS via Nazionale | G54: /S colastica da Lunedì a Venerdì | H54: 9.76 | I54: 21 | J54: 10 | K54: =J54*H54 -> 97.6 | L54: 53 | N54: OSCAR VIAGGI DI FORMOLO OSCAR | O54: GX220WF | P54: 21 | Q54: GZ064ZJ | R54: 21 | S54: GX166WF | W54: sì | X54: scolastica lu-ve | Y54: 25.187046 | Z54: 2.58064 | AA54: =Y54*J54 -> 251.87046 | AB54: da PDF (ordine posizionale)
A55: T.M. L.1 - Linee L1 e L2 LAVIS | B55: 20 | C55: L01102 | D55: 0.31805556 | E55: 0.33055556 | F55: LAVIS via Nazionale - SORNI | G55: /S colastica da Lunedì a Venerdì | H55: 7.67 | I55: 19 | J55: 10 | K55: =J55*H55 -> 76.7 | L55: 54 | N55: ELIMA SRL | O55: GL794HS | P55: 23 | Q55: GP595HE | R55: 21 | W55: sì | X55: scolastica lu-ve | Y55: 19.793509 | Z55: 2.58064 | AA55: =Y55*J55 -> 197.93509 | AB55: da PDF (ordine posizionale)
A56: T.M. L.1 - Linee L1 e L2 LAVIS | B56: 30 | C56: L01152 | D56: 0.33541667 | E56: 0.35069444 | F56: SORNI - LAVIS via Nazionale | G56: /S colastica da Lunedì a Venerdì | H56: 9.01 | I56: 19 | J56: 10 | K56: =J56*H56 -> 90.1 | L56: 55 | N56: ELIMA SRL | O56: GL794HS | P56: 23 | Q56: GP595HE | R56: 21 | W56: sì | X56: scolastica lu-ve | Y56: 23.251566 | Z56: 2.58064 | AA56: =Y56*J56 -> 232.51566 | AB56: da PDF (ordine posizionale)
A57: T.M. L.1 - Linee L1 e L2 LAVIS | B57: 40 | C57: L01103 | D57: 0.35972222 | E57: 0.37222222 | F57: LAVIS via Nazionale - SORNI | G57: /S colastica da Lunedì a Venerdì | H57: 7.67 | I57: 19 | J57: 10 | K57: =J57*H57 -> 76.7 | L57: 56 | N57: ELIMA SRL | O57: GL794HS | P57: 23 | Q57: GP595HE | R57: 21 | W57: sì | X57: scolastica lu-ve | Y57: 19.793509 | Z57: 2.58064 | AA57: =Y57*J57 -> 197.93509 | AB57: da PDF (ordine posizionale)
A58: T.M. L.1 - Linee L1 e L2 LAVIS | B58: 50 | C58: L01153 | D58: 0.37708333 | E58: 0.39236111 | F58: SORNI - LAVIS via Nazionale | G58: /S colastica da Lunedì a Venerdì | H58: 9.01 | I58: 19 | J58: 10 | K58: =J58*H58 -> 90.1 | L58: 57 | N58: ELIMA SRL | O58: GL794HS | P58: 23 | Q58: GP595HE | R58: 21 | W58: sì | X58: scolastica lu-ve | Y58: 23.251566 | Z58: 2.58064 | AA58: =Y58*J58 -> 232.51566 | AB58: da PDF (ordine posizionale)
A59: T.M. L.1 - Linee L1 e L2 LAVIS | B59: 60 | C59: L01104 | D59: 0.46458333 | E59: 0.47708333 | F59: LAVIS via Nazionale - SORNI | G59: /S colastica da Lunedì a Venerdì | H59: 7.67 | I59: 19 | J59: 10 | K59: =J59*H59 -> 76.7 | L59: 58 | N59: ELIMA SRL | O59: GL794HS | P59: 23 | Q59: GP595HE | R59: 21 | W59: sì | X59: scolastica lu-ve | Y59: 19.793509 | Z59: 2.58064 | AA59: =Y59*J59 -> 197.93509 | AB59: da PDF (ordine posizionale)
A60: T.M. L.1 - Linee L1 e L2 LAVIS | B60: 70 | C60: L01154 | D60: 0.47708333 | E60: 0.49236111 | F60: SORNI - LAVIS via Nazionale | G60: /S colastica da Lunedì a Venerdì | H60: 9.01 | I60: 19 | J60: 10 | K60: =J60*H60 -> 90.1 | L60: 59 | N60: ELIMA SRL | O60: GL794HS | P60: 23 | Q60: GP595HE | R60: 21 | W60: sì | X60: scolastica lu-ve | Y60: 23.251566 | Z60: 2.58064 | AA60: =Y60*J60 -> 232.51566 | AB60: da PDF (ordine posizionale)
A61: T.M. L.1 - Linee L1 e L2 LAVIS | B61: 80 | C61: L01105 | D61: 0.54791667 | E61: 0.56041667 | F61: LAVIS via Nazionale - SORNI | G61: /S colastica da Lunedì a Venerdì | H61: 7.67 | I61: 19 | J61: 10 | K61: =J61*H61 -> 76.7 | L61: 60 | N61: ELIMA SRL | O61: GL794HS | P61: 23 | Q61: GP595HE | R61: 21 | W61: sì | X61: scolastica lu-ve | Y61: 19.793509 | Z61: 2.58064 | AA61: =Y61*J61 -> 197.93509 | AB61: da PDF (ordine posizionale)
A62: T.M. L.1 - Linee L1 e L2 LAVIS | B62: 90 | C62: L01155 | D62: 0.56041667 | E62: 0.57569444 | F62: SORNI - LAVIS via Nazionale | G62: /S colastica da Lunedì a Venerdì | H62: 9.01 | I62: 19 | J62: 10 | K62: =J62*H62 -> 90.1 | L62: 61 | N62: ELIMA SRL | O62: GL794HS | P62: 23 | Q62: GP595HE | R62: 21 | W62: sì | X62: scolastica lu-ve | Y62: 23.251566 | Z62: 2.58064 | AA62: =Y62*J62 -> 232.51566 | AB62: da PDF (ordine posizionale)
A63: T.M. L.1 - Linee L1 e L2 LAVIS | B63: 100 | C63: L02103 s5 | D63: 0.59305556 | E63: 0.60277778 | F63: LAVIS via Nazionale - SORNI | G63: /S colastica da Lunedì a Venerdì | H63: 7.07 | I63: 21 | J63: 10 | K63: =J63*H63 -> 70.7 | L63: 62 | N63: OSCAR VIAGGI DI FORMOLO OSCAR | O63: GX220WF | P63: 21 | Q63: GZ064ZJ | R63: 21 | S63: GX166WF | W63: sì | X63: scolastica lu-ve | Y63: 18.245125 | Z63: 2.58064 | AA63: =Y63*J63 -> 182.45125 | AB63: da PDF (ordine posizionale)
A64: T.M. L.1 - Linee L1 e L2 LAVIS | B64: 110 | C64: L02153 s5 | D64: 0.60277778 | E64: 0.61527778 | F64: SORNI - LAVIS via Nazionale | G64: /S colastica da Lunedì a Venerdì | H64: 7.82 | I64: 21 | J64: 10 | K64: =J64*H64 -> 78.2 | L64: 63 | N64: OSCAR VIAGGI DI FORMOLO OSCAR | O64: GX220WF | P64: 21 | Q64: GZ064ZJ | R64: 21 | S64: GX166WF | W64: sì | X64: scolastica lu-ve | Y64: 20.180605 | Z64: 2.58064 | AA64: =Y64*J64 -> 201.80605 | AB64: da PDF (ordine posizionale)
A65: T.M. L.1 - Linee L1 e L2 LAVIS | B65: 120 | C65: L01107 LV | D65: 0.63125 | E65: 0.64375 | F65: LAVIS via Nazionale - SORNI | G65: /S colastica da Lunedì a Venerdì | H65: 7.67 | I65: 19 | J65: 10 | K65: =J65*H65 -> 76.7 | L65: 64 | N65: ELIMA SRL | O65: GL794HS | P65: 23 | Q65: GP595HE | R65: 21 | W65: sì | X65: scolastica lu-ve | Y65: 19.793509 | Z65: 2.58064 | AA65: =Y65*J65 -> 197.93509 | AB65: da PDF (ordine posizionale)
A66: T.M. L.1 - Linee L1 e L2 LAVIS | B66: 130 | C66: L01157 LV | D66: 0.64375 | E66: 0.65902778 | F66: SORNI - LAVIS via Nazionale | G66: /S colastica da Lunedì a Venerdì | H66: 9.01 | I66: 19 | J66: 10 | K66: =J66*H66 -> 90.1 | L66: 65 | N66: ELIMA SRL | O66: GL794HS | P66: 23 | Q66: GP595HE | R66: 21 | W66: sì | X66: scolastica lu-ve | Y66: 23.251566 | Z66: 2.58064 | AA66: =Y66*J66 -> 232.51566 | AB66: da PDF (ordine posizionale)
A67: T.M. L.1 - Linee L1 e L2 LAVIS | B67: 140 | C67: L01108 | D67: 0.65902778 | E67: 0.66666667 | F67: LAVIS via Nazionale - PRESSANO Piazza | G67: /S colastica da Lunedì a Venerdì | H67: 3.76 | I67: 19 | J67: 10 | K67: =J67*H67 -> 37.6 | L67: 66 | N67: ELIMA SRL | O67: GL794HS | P67: 23 | Q67: GP595HE | R67: 21 | W67: sì | X67: scolastica lu-ve | Y67: 9.7032064 | Z67: 2.58064 | AA67: =Y67*J67 -> 97.032064 | AB67: da PDF (ordine posizionale)
A68: T.M. L.1 - Linee L1 e L2 LAVIS | B68: 150 | C68: L01158 | D68: 0.66666667 | E68: 0.67222222 | F68: PRESSANO Piazza - LAVIS via Nazionale | G68: /S colastica da Lunedì a Venerdì | H68: 2.76 | I68: 19 | J68: 10 | K68: =J68*H68 -> 27.6 | L68: 67 | N68: ELIMA SRL | O68: GL794HS | P68: 23 | Q68: GP595HE | R68: 21 | W68: sì | X68: scolastica lu-ve | Y68: 7.1225664 | Z68: 2.58064 | AA68: =Y68*J68 -> 71.225664 | AB68: da PDF (ordine posizionale)
A69: T.M. L.1 - Linee L1 e L2 LAVIS | B69: 160 | C69: L01109 LV | D69: 0.67291667 | E69: 0.68541667 | F69: LAVIS via Nazionale - SORNI | G69: /S colastica da Lunedì a Venerdì | H69: 7.67 | I69: 19 | J69: 10 | K69: =J69*H69 -> 76.7 | L69: 68 | N69: ELIMA SRL | O69: GL794HS | P69: 23 | Q69: GP595HE | R69: 21 | W69: sì | X69: scolastica lu-ve | Y69: 19.793509 | Z69: 2.58064 | AA69: =Y69*J69 -> 197.93509 | AB69: da PDF (ordine posizionale)
A70: T.M. L.1 - Linee L1 e L2 LAVIS | B70: 170 | C70: L01159 LV | D70: 0.68541667 | E70: 0.70069444 | F70: SORNI - LAVIS via Nazionale | G70: /S colastica da Lunedì a Venerdì | H70: 9.01 | I70: 19 | J70: 10 | K70: =J70*H70 -> 90.1 | L70: 69 | N70: ELIMA SRL | O70: GL794HS | P70: 23 | Q70: GP595HE | R70: 21 | W70: sì | X70: scolastica lu-ve | Y70: 23.251566 | Z70: 2.58064 | AA70: =Y70*J70 -> 232.51566 | AB70: da PDF (ordine posizionale)
A71: T.M. L.1 - Linee L1 e L2 LAVIS | B71: 180 | C71: L01110 | D71: 0.71458333 | E71: 0.72708333 | F71: LAVIS via Nazionale - SORNI | G71: /S colastica da Lunedì a Venerdì | H71: 7.67 | I71: 19 | J71: 10 | K71: =J71*H71 -> 76.7 | L71: 70 | N71: ELIMA SRL | O71: GL794HS | P71: 23 | Q71: GP595HE | R71: 21 | W71: sì | X71: scolastica lu-ve | Y71: 19.793509 | Z71: 2.58064 | AA71: =Y71*J71 -> 197.93509 | AB71: da PDF (ordine posizionale)
A72: T.M. L.1 - Linee L1 e L2 LAVIS | B72: 190 | C72: L01160 | D72: 0.72708333 | E72: 0.74236111 | F72: SORNI - LAVIS via Nazionale | G72: /S colastica da Lunedì a Venerdì | H72: 9.01 | I72: 19 | J72: 10 | K72: =J72*H72 -> 90.1 | L72: 71 | N72: ELIMA SRL | O72: GL794HS | P72: 23 | Q72: GP595HE | R72: 21 | W72: sì | X72: scolastica lu-ve | Y72: 23.251566 | Z72: 2.58064 | AA72: =Y72*J72 -> 232.51566 | AB72: da PDF (ordine posizionale)
A73: T.M. L.1 - Linee L1 e L2 LAVIS | B73: 200 | C73: L01111 | D73: 0.77708333 | E73: 0.78472222 | F73: LAVIS via Nazionale - PRESSANO Piazza | G73: /S colastica da Lunedì a Venerdì | H73: 3.76 | I73: 19 | J73: 10 | K73: =J73*H73 -> 37.6 | L73: 72 | N73: ELIMA SRL | O73: GL794HS | P73: 23 | Q73: GP595HE | R73: 21 | W73: sì | X73: scolastica lu-ve | Y73: 9.7032064 | Z73: 2.58064 | AA73: =Y73*J73 -> 97.032064 | AB73: da PDF (ordine posizionale)
A74: T.M. L.1 - Linee L1 e L2 LAVIS | B74: 210 | C74: L01161 | D74: 0.78472222 | E74: 0.79027778 | F74: PRESSANO Piazza - LAVIS via Nazionale | G74: /S colastica da Lunedì a Venerdì | H74: 2.76 | I74: 19 | J74: 10 | K74: =J74*H74 -> 27.6 | L74: 73 | N74: ELIMA SRL | O74: GL794HS | P74: 23 | Q74: GP595HE | R74: 21 | W74: sì | X74: scolastica lu-ve | Y74: 7.1225664 | Z74: 2.58064 | AA74: =Y74*J74 -> 71.225664 | AB74: da PDF (ordine posizionale)
A75: T.M. L.2 - Linee L2 e L3 e L4 LA | B75: 10 | C75: L02151 s6 | D75: 0.27708333 | E75: 0.28958333 | F75: SORNI - LAVIS via Nazionale | G75: VSIcSolastica da Lunedì a Venerdì | H75: 7.82 | I75: 19 | J75: 10 | K75: =J75*H75 -> 78.2 | L75: 74 | N75: ELIMA SRL | O75: GL794HS | P75: 23 | Q75: GP595HE | R75: 21 | W75: sì | X75: scolastica lu-ve | Y75: 20.180605 | Z75: 2.58064 | AA75: =Y75*J75 -> 201.80605 | AB75: da PDF (ordine posizionale)
A76: T.M. L.2 - Linee L2 e L3 e L4 LA | B76: 20 | C76: L04101 LV | D76: 0.30138889 | E76: 0.31041667 | F76: LAVIS via Nazionale - LAVIS via Nazionale | G76: VSIcSolastica da Lunedì a Venerdì | H76: 5.76 | I76: 19 | J76: 10 | K76: =J76*H76 -> 57.6 | L76: 75 | N76: ELIMA SRL | O76: GL794HS | P76: 23 | Q76: GP595HE | R76: 21 | W76: sì | X76: scolastica lu-ve | Y76: 14.864486 | Z76: 2.58064 | AA76: =Y76*J76 -> 148.64486 | AB76: da PDF (ordine posizionale)
... A89: T.M. L.2 - Linee L2 e L3 e L4 LA | B89: 150 | C89: L03154 LV | D89: 0.76875 | E89: 0.77222222 | F89: LAVIS "Stazione FS" - LAVIS via Nazionale | G89: VSIcSolastica da Lunedì a Venerdì | H89: 2.22 | I89: 19 | J89: 10 | K89: =J89*H89 -> 22.2 | L89: 88 | N89: ELIMA SRL | O89: GL794HS | P89: 23 | Q89: GP595HE | R89: 21 | W89: sì | X89: scolastica lu-ve | Y89: 5.7290208 | Z89: 2.58064 | AA89: =Y89*J89 -> 57.290208 | AB89: da PDF (ordine posizionale)
A90: T.M. L.1 - Linea L1 LAVIS | B90: 10 | C90: L01151 s6 | D90: 0.27430556 | E90: 0.28958333 | F90: SORNI - LAVIS via Nazionale | G90: Scolastica solo il Sabato | H90: 9.76 | I90: 21 | J90: 1 | K90: =J90*H90 -> 9.76 | L90: 89 | N90: OSCAR VIAGGI DI FORMOLO OSCAR | O90: GX220WF | P90: 21 | Q90: GZ064ZJ | R90: 21 | S90: GX166WF | W90: sì | X90: scolastica sa | Y90: 25.187046 | Z90: 2.58064 | AA90: =Y90*J90 -> 25.187046 | AB90: da PDF (ordine posizionale)
A91: T.M. L.1 - Linea L1 LAVIS | B91: 20 | C91: L01102 | D91: 0.31805556 | E91: 0.33055556 | F91: LAVIS via Nazionale - SORNI | G91: Scolastica solo il Sabato | H91: 7.67 | I91: 19 | J91: 1 | K91: =J91*H91 -> 7.67 | L91: 90 | N91: ELIMA SRL | O91: GL794HS | P91: 23 | Q91: GP595HE | R91: 21 | W91: sì | X91: scolastica sa | Y91: 19.793509 | Z91: 2.58064 | AA91: =Y91*J91 -> 19.793509 | AB91: da PDF (ordine posizionale)
A92: T.M. L.1 - Linea L1 LAVIS | B92: 30 | C92: L01152 | D92: 0.33541667 | E92: 0.35069444 | F92: SORNI - LAVIS via Nazionale | G92: Scolastica solo il Sabato | H92: 9.01 | I92: 19 | J92: 1 | K92: =J92*H92 -> 9.01 | L92: 91 | N92: ELIMA SRL | O92: GL794HS | P92: 23 | Q92: GP595HE | R92: 21 | W92: sì | X92: scolastica sa | Y92: 23.251566 | Z92: 2.58064 | AA92: =Y92*J92 -> 23.251566 | AB92: da PDF (ordine posizionale)
A93: T.M. L.1 - Linea L1 LAVIS | B93: 40 | C93: L01103 | D93: 0.35972222 | E93: 0.37222222 | F93: LAVIS via Nazionale - SORNI | G93: Scolastica solo il Sabato | H93: 7.67 | I93: 19 | J93: 1 | K93: =J93*H93 -> 7.67 | L93: 92 | N93: ELIMA SRL | O93: GL794HS | P93: 23 | Q93: GP595HE | R93: 21 | W93: sì | X93: scolastica sa | Y93: 19.793509 | Z93: 2.58064 | AA93: =Y93*J93 -> 19.793509 | AB93: da PDF (ordine posizionale)
A94: T.M. L.1 - Linea L1 LAVIS | B94: 50 | C94: L01153 | D94: 0.37708333 | E94: 0.39236111 | F94: SORNI - LAVIS via Nazionale | G94: Scolastica solo il Sabato | H94: 9.01 | I94: 19 | J94: 1 | K94: =J94*H94 -> 9.01 | L94: 93 | N94: ELIMA SRL | O94: GL794HS | P94: 23 | Q94: GP595HE | R94: 21 | W94: sì | X94: scolastica sa | Y94: 23.251566 | Z94: 2.58064 | AA94: =Y94*J94 -> 23.251566 | AB94: da PDF (ordine posizionale)
A95: T.M. L.1 - Linea L1 LAVIS | B95: 60 | C95: L01104 | D95: 0.46458333 | E95: 0.47708333 | F95: LAVIS via Nazionale - SORNI | G95: Scolastica solo il Sabato | H95: 7.67 | I95: 19 | J95: 1 | K95: =J95*H95 -> 7.67 | L95: 94 | N95: ELIMA SRL | O95: GL794HS | P95: 23 | Q95: GP595HE | R95: 21 | W95: sì | X95: scolastica sa | Y95: 19.793509 | Z95: 2.58064 | AA95: =Y95*J95 -> 19.793509 | AB95: da PDF (ordine posizionale)
A96: T.M. L.1 - Linea L1 LAVIS | B96: 70 | C96: L01154 | D96: 0.47708333 | E96: 0.49236111 | F96: SORNI - LAVIS via Nazionale | G96: Scolastica solo il Sabato | H96: 9.01 | I96: 19 | J96: 1 | K96: =J96*H96 -> 9.01 | L96: 95 | N96: ELIMA SRL | O96: GL794HS | P96: 23 | Q96: GP595HE | R96: 21 | W96: sì | X96: scolastica sa | Y96: 23.251566 | Z96: 2.58064 | AA96: =Y96*J96 -> 23.251566 | AB96: da PDF (ordine posizionale)
A97: T.M. L.1 - Linea L1 LAVIS | B97: 80 | C97: L01105 | D97: 0.54791667 | E97: 0.56041667 | F97: LAVIS via Nazionale - SORNI | G97: Scolastica solo il Sabato | H97: 7.67 | I97: 19 | J97: 1 | K97: =J97*H97 -> 7.67 | L97: 96 | N97: ELIMA SRL | O97: GL794HS | P97: 23 | Q97: GP595HE | R97: 21 | W97: sì | X97: scolastica sa | Y97: 19.793509 | Z97: 2.58064 | AA97: =Y97*J97 -> 19.793509 | AB97: da PDF (ordine posizionale)
A98: T.M. L.1 - Linea L1 LAVIS | B98: 90 | C98: L01155 | D98: 0.56041667 | E98: 0.57569444 | F98: SORNI - LAVIS via Nazionale | G98: Scolastica solo il Sabato | H98: 9.01 | I98: 19 | J98: 1 | K98: =J98*H98 -> 9.01 | L98: 97 | N98: ELIMA SRL | O98: GL794HS | P98: 23 | Q98: GP595HE | R98: 21 | W98: sì | X98: scolastica sa | Y98: 23.251566 | Z98: 2.58064 | AA98: =Y98*J98 -> 23.251566 | AB98: da PDF (ordine posizionale)
A99: T.M. L.1 - Linea L1 LAVIS | B99: 100 | C99: L01106 SA | D99: 0.58958333 | E99: 0.60208333 | F99: LAVIS via Nazionale - SORNI | G99: Scolastica solo il Sabato | H99: 7.67 | I99: 19 | J99: 1 | K99: =J99*H99 -> 7.67 | L99: 98 | N99: ELIMA SRL | O99: GL794HS | P99: 23 | Q99: GP595HE | R99: 21 | W99: sì | X99: scolastica sa | Y99: 19.793509 | Z99: 2.58064 | AA99: =Y99*J99 -> 19.793509 | AB99: da PDF (ordine posizionale)
A100: T.M. L.1 - Linea L1 LAVIS | B100: 110 | C100: L01156 SA | D100: 0.60208333 | E100: 0.61736111 | F100: SORNI - LAVIS via Nazionale | G100: Scolastica solo il Sabato | H100: 9.01 | I100: 19 | J100: 1 | K100: =J100*H100 -> 9.01 | L100: 99 | N100: ELIMA SRL | O100: GL794HS | P100: 23 | Q100: GP595HE | R100: 21 | W100: sì | X100: scolastica sa | Y100: 23.251566 | Z100: 2.58064 | AA100: =Y100*J100 -> 23.251566 | AB100: da PDF (ordine posizionale)
A101: T.M. L.1 - Linea L1 LAVIS | B101: 120 | C101: L01108 | D101: 0.65902778 | E101: 0.66666667 | F101: LAVIS via Nazionale - PRESSANO Piazza | G101: Scolastica solo il Sabato | H101: 3.76 | I101: 19 | J101: 1 | K101: =J101*H101 -> 3.76 | L101: 100 | N101: ELIMA SRL | O101: GL794HS | P101: 23 | Q101: GP595HE | R101: 21 | W101: sì | X101: scolastica sa | Y101: 9.7032064 | Z101: 2.58064 | AA101: =Y101*J101 -> 9.7032064 | AB101: da PDF (ordine posizionale)
A102: T.M. L.1 - Linea L1 LAVIS | B102: 130 | C102: L01158 | D102: 0.66666667 | E102: 0.67222222 | F102: PRESSANO Piazza - LAVIS via Nazionale | G102: Scolastica solo il Sabato | H102: 2.76 | I102: 19 | J102: 1 | K102: =J102*H102 -> 2.76 | L102: 101 | N102: ELIMA SRL | O102: GL794HS | P102: 23 | Q102: GP595HE | R102: 21 | W102: sì | X102: scolastica sa | Y102: 7.1225664 | Z102: 2.58064 | AA102: =Y102*J102 -> 7.1225664 | AB102: da PDF (ordine posizionale)
... A107: T.M. L.2 - Linea L2 LAVIS | B107: 10 | C107: L02151 s6 | D107: 0.27708333 | E107: 0.28958333 | F107: SORNI - LAVIS via Nazionale | G107: Scolastica solo il Sabato | H107: 7.82 | I107: 19 | J107: 1 | K107: =J107*H107 -> 7.82 | L107: 106 | N107: ELIMA SRL | O107: GL794HS | P107: 23 | Q107: GP595HE | R107: 21 | W107: sì | X107: scolastica sa | Y107: 20.180605 | Z107: 2.58064 | AA107: =Y107*J107 -> 20.180605 | AB107: da PDF (ordine posizionale)
K108: =SUM(K2:K107) -> 14290.67 | AA108: =SUM(AA2:AA107) -> 36879.075

Sheet CEMBRA giu-ago
A1: Servizio | B1: Linea | C1: n. corsa | D1: ora part. | E1: ora arr. | F1: percorso | G1: frequenza | H1: Km corsa/servizio | I1: Posti autobus | J1: nr. Gg | K1: Tot km | L1: n° riga | M1: Esito | N1: DITTA | O1: MEZZO TITOLARE | P1: posti mezzo titolare | Q1: MEZZO DI RISERVA 1 | R1: posti mezzo di riserva 1 | S1: MEZZO DI RISERVA 2 | T1: posti mezzo di riserva 2 | U1: MEZZO DI SUPPORTO | V1: posti mezzo di supporto | W1: conferma servizi ditta | X1: frequenza CTA | Y1: tariffa 2025/2026 | Z1: tariffa/km 2025/2026 | AA1: costo annuo | AB1: nota gg (giu-ago)
A2: Servizi Comunità Valle di Cembra | B2: VALLE DI CEMBRA | C2: 107 | D2: 0.36458333 | E2: 0.41597222 | F2: Piscine-Sover-Valcava bivio-Gaggio/Gresta bivio- Scancio di Segonzano-Piazzo di Segonzano bivio- Sevignano-Lona-Sevignano-Piazzo di Segonzano bivio- Piazzo di Segonzano-Faver bivio-Fadana-Cembra- Lisignago RSA-Lisignago-Ceola-Verla-Mosana-Lavis | G2: feriale dal lunedì al venerdì | H2: 43.7 | I2: 19 | J2: 65 | K2: =J2*H2 -> 2840.5 | L2: 1 | N2: BAZZAVAN S.A.S. DI BAZZANELLA ANDREA | O2: GG058PN | P2: 24 | Q2: GC917HM | R2: 23 | W2: sì | X2: annuale feriale lu-ve | Y2: 97.68 | AA2: =Y2*J2 -> 6349.2 | AB2: da PDF
A3: Servizi Comunità Valle di Cembra | B3: VALLE DI CEMBRA | C3: 108 | D3: 0.41805556 | E3: 0.45277778 | F3: Lavis-Mosana-Verla-Ceola-Lisignago-Lisignago RSA- Cembra-Fadana-Faver bivio-Faver-Valda-Grumes- Grauno | G3: feriale dal lunedì al venerdì | H3: 30.2 | I3: 19 | J3: 65 | K3: =J3*H3 -> 1963 | L3: 2 | N3: BAZZAVAN S.A.S. DI BAZZANELLA ANDREA | O3: GG058PN | P3: 24 | Q3: GC917HM | R3: 23 | W3: sì | X3: annuale feriale lu-ve | Y3: 67.51 | AA3: =Y3*J3 -> 4388.15 | AB3: da PDF
A4: Servizi Comunità Valle di Cembra | B4: VALLE DI CEMBRA | C4: 109 | D4: 0.45277778 | E4: 0.4875 | F4: Grauno-Grumes-Valda-Faver-Faver bivio-Fadana- Cembra-Lisignago RSA-Lisignago-Ceola-Verla-Mosana- Lavis | G4: feriale dal lunedì al venerdì | H4: 29.7 | I4: 19 | J4: 65 | K4: =J4*H4 -> 1930.5 | L4: 3 | N4: BAZZAVAN S.A.S. DI BAZZANELLA ANDREA | O4: GG058PN | P4: 24 | Q4: GC917HM | R4: 23 | W4: sì | X4: annuale feriale lu-ve | Y4: 66.39 | AA4: =Y4*J4 -> 4315.35 | AB4: da PDF
A5: Servizi Comunità Valle di Cembra | B5: VALLE DI CEMBRA | C5: 106 | D5: 0.49861111 | E5: 0.52083333 | F5: Lisignago RSA-Cembra-Fadana-Faver bivio-Piazzo di Segonzano-Piazzo di Segonzano bivio-Sevignano-Lona- Lases-Albiano via roma -Albiano | G5: feriale dal lunedì al venerdì | H5: 18.15 | I5: 19 | J5: 65 | K5: =J5*H5 -> 1179.75 | L5: 4 | N5: BAZZAVAN S.A.S. DI BAZZANELLA ANDREA | O5: GG058PN | P5: 24 | Q5: GC917HM | R5: 23 | W5: sì | X5: annuale feriale lu-ve | Y5: 40.57 | AA5: =Y5*J5 -> 2637.05 | AB5: da PDF
A6: Servizi Comunità Valle di Cembra | B6: VALLE DI CEMBRA | C6: 107 | D6: 0.57291667 | E6: 0.62152778 | F6: Piscine-Sover-Valcava bivio-Gaggio/Gresta bivio- Scancio di Segonzano-Piazzo di Segonzano bivio- Sevignano-Lona-Lases-Albiano Via Roma-Albiano- Lases-Lona-Sevignano-Piazzo di Segonzano bivio- Piazzo di Segonzano-Faver bivio-Fadana-Cembra- Lisignago RSA | G6: feriale dal lunedì al venerdì | H6: 43.21 | I6: 19 | J6: 65 | K6: =J6*H6 -> 2808.65 | L6: 5 | N6: BAZZAVAN S.A.S. DI BAZZANELLA ANDREA | O6: GG058PN | P6: 24 | Q6: GC917HM | R6: 23 | W6: sì | X6: annuale feriale lu-ve | Y6: 96.59 | AA6: =Y6*J6 -> 6278.35 | AB6: da PDF
A7: Servizi Comunità Valle di Cembra | B7: VALLE DI CEMBRA | C7: 107 | D7: 0.62152778 | E7: 0.6375 | F7: Lisigignago RSA-Lisignago-Ceola-Verla-Mosana-Lavis | G7: estiva feriale dal lunedì al venerdì + invernale non scolastico dal lunedì al venerdì | H7: 12.9 | I7: 19 | J7: 55 | K7: =J7*H7 -> 709.5 | L7: 6 | N7: BAZZAVAN S.A.S. DI BAZZANELLA ANDREA | O7: GG058PN | P7: 24 | Q7: GC917HM | R7: 23 | W7: sì | X7: estiva feriale lu-ve + no scol lu-ve | Y7: 28.84 | AA7: =Y7*J7 -> 1586.2 | AB7: da PDF
A8: Servizi Comunità Valle di Cembra | B8: VALLE DI CEMBRA | C8: 106 | D8: 0.62847222 | E8: 0.63680556 | F8: Cembra-Fadana-Faver bivio-Piazzo di Segonzano- Piazzo di Segonzano bivio-Segonzano | G8: scolastica dal lunedì al venerdì | H8: 8.5 | I8: 19 | J8: 10 | K8: =J8*H8 -> 85 | L8: 7 | N8: BAZZAVAN S.A.S. DI BAZZANELLA ANDREA | O8: GG058PN | P8: 24 | Q8: GC917HM | R8: 23 | W8: sì | X8: scolastica lu-ve | Y8: 19 | AA8: =Y8*J8 -> 190 | AB8: da PDF
A9: Servizi Comunità Valle di Cembra | B9: VALLE DI CEMBRA | C9: 108 | D9: 0.64305556 | E9: 0.67777778 | F9: Lavis-Mosana-Verla-Ceola-Lisignago-Lisignago RSA- Cembra-Fadana-Faver bivio-Faver-Valda-Grumes- Grauno | G9: estiva feriale dal lunedì al venerdì + invernale non scolastico dal lunedì al venerdì | H9: 30.2 | I9: 19 | J9: 55 | K9: =J9*H9 -> 1661 | L9: 8 | N9: BAZZAVAN S.A.S. DI BAZZANELLA ANDREA | O9: GG058PN | P9: 24 | Q9: GC917HM | R9: 23 | W9: sì | X9: estiva feriale lu-ve + no scol lu-ve | Y9: 67.51 | AA9: =Y9*J9 -> 3713.05 | AB9: da PDF
A10: Servizi Comunità Valle di Cembra | B10: VALLE DI CEMBRA | C10: 109 | D10: 0.67847222 | E10: 0.71319444 | F10: Grauno-Grumes-Valda-Faver-Faver bivio-Fadana- Cembra-Lisignago RSA-Lisignago-Ceola-Verla-Mosana- Lavis | G10: estiva feriale dal lunedì al venerdì + invernale non scolastico dal lunedì al venerdì | H10: 29.7 | I10: 19 | J10: 55 | K10: =J10*H10 -> 1633.5 | L10: 9 | N10: BAZZAVAN S.A.S. DI BAZZANELLA ANDREA | O10: GG058PN | P10: 24 | Q10: GC917HM | R10: 23 | W10: sì | X10: estiva feriale lu-ve + no scol lu-ve | Y10: 66.39 | AA10: =Y10*J10 -> 3651.45 | AB10: da PDF
A11: Servizi Comunità Valle di Cembra | B11: VALLE DI CEMBRA | C11: 106 | D11: 0.72777778 | E11: 0.75277778 | F11: Lisignago RSA-Cembra-Fadana-Faver bivio-Piazzo di Segonzano-Piazzo di Segonzano bivio-Segonzano- Sevignano-Lona-Lases-Albiano via Roma-Albiano | G11: feriale dal lunedì al venerdì | H11: 22.87 | I11: 19 | J11: 65 | K11: =J11*H11 -> 1486.55 | L11: 10 | N11: BAZZAVAN S.A.S. DI BAZZANELLA ANDREA | O11: GG058PN | P11: 24 | Q11: GC917HM | R11: 23 | W11: sì | X11: annuale feriale lu-ve | Y11: 51.12 | AA11: =Y11*J11 -> 3322.8 | AB11: da PDF
H12: TOTALE KM | K12: =SUM(K2:K11) -> 16297.95 | AA12: =SUM(AA2:AA11) -> 36431.6

Sheet ALBIANO giu-ago
A1: Servizio | B1: Linea | C1: n. corsa | D1: ora part. | E1: ora arr. | F1: percorso | G1: frequenza | H1: Km corsa/servizio | I1: Posti autobus | J1: nr. Gg | K1: Tot km | L1: n° riga | M1: Esito | N1: DITTA | O1: MEZZO TITOLARE | P1: posti mezzo titolare | Q1: MEZZO DI RISERVA 1 | R1: posti mezzo di riserva 1 | S1: MEZZO DI RISERVA 2 | T1: posti mezzo di riserva 2 | U1: MEZZO DI SUPPORTO | V1: posti mezzo di supporto | W1: conferma servizi ditta | X1: frequenza CTA | Y1: tariffa 2025/2026 | Z1: tariffa/km 2025/2026 | AA1: costo annuo | AB1: nota gg (giu-ago)
A2: SERVIZIO ALBIANO LONA LASES | B2: LONA - ALBIANO - GAZZADINA | D2: 0.30208333 | E2: 0.31666667 | F2: Gazzadina-Gazzadina Via del Porfido 61-Albiano Via S. Antonio-Albiano P.zza Degasperi-Albiano Via Roma-Lases-Lona fermata bus-Lona Parcheggio | G2: feriale dal lunedì al venerdì | H2: 13 | I2: 19 | J2: 65 | K2: =J2*H2 -> 845 | L2: 1 | N2: D'AMICO VIAGGI S.R.L. | O2: FT467CV | P2: 23 | Q2: FZ194KS (Fersina Tour) | R2: 24 | S2: GG115WS (Giulia sas) | T2: 21 | X2: annuale feriale lu-ve | Y2: 29.06 | AA2: =Y2*J2 -> 1888.9 | AB2: da PDF
A3: SERVIZIO ALBIANO LONA LASES | B3: LONA - ALBIANO - GAZZADINA | D3: 0.31736111 | E3: 0.33333333 | F3: Lona Parcheggio-Lona fermata Bus-Lases-Albiano Via Roma-Albiano Piazza Degasperi-Albiano (Via S. Antonio) - Gazzadina Via del Porfido 61 - Gazzadina | G3: feriale dal lunedì al venerdì | H3: 13 | I3: 19 | J3: 65 | K3: =J3*H3 -> 845 | L3: 2 | N3: D'AMICO VIAGGI S.R.L. | O3: FT467CV | P3: 23 | Q3: FZ194KS (Fersina Tour) | R3: 24 | S3: GG115WS (Giulia sas) | T3: 22 | X3: annuale feriale lu-ve | Y3: 29.06 | AA3: =Y3*J3 -> 1888.9 | AB3: da PDF
A4: SERVIZIO ALBIANO LONA LASES | B4: LONA - ALBIANO - GAZZADINA | D4: 0.36458333 | E4: 0.37916667 | F4: Gazzadina-Gazzadina Via del Porfido 61-Albiano Via S. Antonio-Albiano P.zza Degasperi-Albiano Via Roma-Lases-Lona fermata bus-Lona Parcheggio | G4: feriale dal lunedì al venerdì | H4: 13 | I4: 19 | J4: 65 | K4: =J4*H4 -> 845 | L4: 3 | N4: D'AMICO VIAGGI S.R.L. | O4: FT467CV | P4: 23 | Q4: FZ194KS (Fersina Tour) | R4: 24 | S4: GG115WS (Giulia sas) | T4: 23 | X4: annuale feriale lu-ve | Y4: 29.06 | AA4: =Y4*J4 -> 1888.9 | AB4: da PDF
A5: SERVIZIO ALBIANO LONA LASES | B5: LONA - ALBIANO - GAZZADINA | D5: 0.39097222 | E5: 0.40625 | F5: Lona Parcheggio-Lona fermata Bus-Lases-Albiano Via Roma-Albiano Piazza Degasperi-Albiano (Via S. Antonio) - Gazzadina Via del Porfido 61 - Gazzadina | G5: feriale dal lunedì al venerdì | H5: 13 | I5: 19 | J5: 65 | K5: =J5*H5 -> 845 | L5: 4 | N5: D'AMICO VIAGGI S.R.L. | O5: FT467CV | P5: 23 | Q5: FZ194KS (Fersina Tour) | R5: 24 | S5: GG115WS (Giulia sas) | T5: 24 | X5: annuale feriale lu-ve | Y5: 29.06 | AA5: =Y5*J5 -> 1888.9 | AB5: da PDF
A6: SERVIZIO ALBIANO LONA LASES | B6: LONA - ALBIANO - GAZZADINA | D6: 0.5 | E6: 0.51458333 | F6: Gazzadina-Gazzadina Via del Porfido 61-Albiano Via S. Antonio-Albiano P.zza Degasperi-Albiano Via Roma-Lases-Lona fermata bus-Lona Parcheggio | G6: feriale dal lunedì al venerdì | H6: 13 | I6: 19 | J6: 65 | K6: =J6*H6 -> 845 | L6: 5 | N6: D'AMICO VIAGGI S.R.L. | O6: FT467CV | P6: 23 | Q6: FZ194KS (Fersina Tour) | R6: 24 | S6: GG115WS (Giulia sas) | T6: 25 | X6: annuale feriale lu-ve | Y6: 29.06 | AA6: =Y6*J6 -> 1888.9 | AB6: da PDF
A7: SERVIZIO ALBIANO LONA LASES | B7: LONA - ALBIANO - GAZZADINA | D7: 0.52569444 | E7: 0.54166667 | F7: Lona Parcheggio-Lona fermata Bus-Lases-Albiano Via Roma-Albiano Piazza Degasperi-Albiano (Via S. Antonio) - Gazzadina Via del Porfido 61 - Gazzadina | G7: feriale dal lunedì al venerdì | H7: 13 | I7: 19 | J7: 65 | K7: =J7*H7 -> 845 | L7: 6 | N7: D'AMICO VIAGGI S.R.L. | O7: FT467CV | P7: 23 | Q7: FZ194KS (Fersina Tour) | R7: 24 | S7: GG115WS (Giulia sas) | T7: 26 | X7: annuale feriale lu-ve | Y7: 29.06 | AA7: =Y7*J7 -> 1888.9 | AB7: da PDF
A8: SERVIZIO ALBIANO LONA LASES | B8: LONA - ALBIANO - GAZZADINA | D8: 0.58333333 | E8: 0.59375 | F8: Gazzadina-Gazzadina Via del Porfido 61-Albiano Via S. Antonio-Albiano P.zza Degasperi-Albiano Via Roma | G8: feriale dal lunedì al venerdì | H8: 9.6 | I8: 19 | J8: 65 | K8: =J8*H8 -> 624 | L8: 7 | N8: D'AMICO VIAGGI S.R.L. | O8: FT467CV | P8: 23 | Q8: FZ194KS (Fersina Tour) | R8: 24 | S8: GG115WS (Giulia sas) | T8: 27 | X8: annuale feriale lu-ve | Y8: 21.46 | AA8: =Y8*J8 -> 1394.9 | AB8: da PDF
A9: SERVIZIO ALBIANO LONA LASES | B9: LONA - ALBIANO - GAZZADINA | D9: 0.61458333 | E9: 0.625 | F9: Albiano Via Roma-Albiano Piazza Degasperi-Albiano (Via S. Antonio) - Gazzadina Via del Porfido 61 - Gazzadina | G9: feriale dal lunedì al venerdì | H9: 9.6 | I9: 19 | J9: 65 | K9: =J9*H9 -> 624 | L9: 8 | N9: D'AMICO VIAGGI S.R.L. | O9: FT467CV | P9: 23 | Q9: FZ194KS (Fersina Tour) | R9: 24 | S9: GG115WS (Giulia sas) | T9: 28 | X9: annuale feriale lu-ve | Y9: 21.46 | AA9: =Y9*J9 -> 1394.9 | AB9: da PDF
A10: SERVIZIO ALBIANO LONA LASES | B10: LONA - ALBIANO - GAZZADINA | D10: 0.66666667 | E10: 0.68055556 | F10: Gazzadina-Gazzadina Via del Porfido 61-Albiano Via S. Antonio-Albiano P.zza Degasperi-Albiano Via Roma-Lases-Lona fermata bus-Lona Parcheggio | G10: scolastica dal lunedì al giovedì | H10: 13 | I10: 19 | J10: 9 | K10: =J10*H10 -> 117 | L10: 9 | N10: D'AMICO VIAGGI S.R.L. | O10: FT467CV | P10: 23 | Q10: FZ194KS (Fersina Tour) | R10: 24 | S10: GG115WS (Giulia sas) | T10: 29 | X10: scolastica lu, ma, me, gio | Y10: 29.06 | AA10: =Y10*J10 -> 261.54 | AB10: da PDF
A11: SERVIZIO ALBIANO LONA LASES | B11: LONA - ALBIANO - GAZZADINA | D11: 0.66666667 | E11: 0.67708333 | F11: Gazzadina-Gazzadina Via del Porfido 61-Albiano Via S. Antonio-Albiano P.zza Degasperi-Albiano Via Roma | G11: feriale solo al venerdì | H11: 9.6 | I11: 19 | J11: 13 | K11: =J11*H11 -> 124.8 | L11: 10 | N11: D'AMICO VIAGGI S.R.L. | O11: FT467CV | P11: 23 | Q11: FZ194KS (Fersina Tour) | R11: 24 | S11: GG115WS (Giulia sas) | T11: 30 | X11: annuale feriale ve | Y11: 21.46 | AA11: =Y11*J11 -> 278.98 | AB11: da PDF
A12: SERVIZIO ALBIANO LONA LASES | B12: LONA - ALBIANO - GAZZADINA | D12: 0.66666667 | E12: 0.67708333 | F12: Gazzadina-Gazzadina Via del Porfido 61-Albiano Via S. Antonio-Albiano P.zza Degasperi-Albiano Via Roma | G12: estiva feriale dal lunedì al giovedì + invernale non scolastico dal lunedì al giovedì | H12: 9.6 | I12: 19 | J12: 43 | K12: =J12*H12 -> 412.8 | L12: 11 | N12: D'AMICO VIAGGI S.R.L. | O12: FT467CV | P12: 23 | Q12: FZ194KS (Fersina Tour) | R12: 24 | S12: GG115WS (Giulia sas) | T12: 31 | X12: estiva feriale lu, ma, me, gio + no scol lu, ma, me, gio | Y12: 21.46 | AA12: =Y12*J12 -> 922.78 | AB12: da PDF
A13: SERVIZIO ALBIANO LONA LASES | B13: LONA - ALBIANO - GAZZADINA | D13: 0.69861111 | E13: 0.70347222 | F13: Lona Parcheggio-Lona fermata Bus-Lases-Albiano Via Roma-Albiano Piazza Degasperi-Albiano (Via S. Antonio) - Gazzadina Via del Porfido 61 - Gazzadina | G13: scolastica dal lunedì al giovedì | H13: 13 | I13: 19 | J13: 9 | K13: =J13*H13 -> 117 | L13: 12 | N13: D'AMICO VIAGGI S.R.L. | O13: FT467CV | P13: 23 | Q13: FZ194KS (Fersina Tour) | R13: 24 | S13: GG115WS (Giulia sas) | T13: 32 | X13: scolastica lu, ma, me, gio | Y13: 29.06 | AA13: =Y13*J13 -> 261.54 | AB13: da PDF
... A29: SERVIZIO ALBIANO LONA LASES | B29: LONA - ALBIANO - GAZZADINA | D29: 0.79652778 | E29: 0.80208333 | F29: Lona Parcheggio-Lona fermata Bus-Lases-Albiano Via Roma-Albiano Piazza Degasperi- | G29: feriale solo al sabato | H29: 4.8 | I29: 19 | J29: 15 | K29: =J29*H29 -> 72 | L29: 28 | N29: D'AMICO VIAGGI S.R.L. | O29: FT467CV | P29: 23 | Q29: FZ194KS (Fersina Tour) | R29: 24 | S29: GG115WS (Giulia sas) | T29: 48 | X29: annuale feriale sa | Y29: 10.73 | AA29: =Y29*J29 -> 160.95 | AB29: da PDF
A30: SERVIZIO ALBIANO LONA LASES | B30: LONA - ALBIANO - GAZZADINA | F30: SERVIZIO A CHIAMATA PROLUNGAMENTO BARCO DI SOTTO TRATTA GAZZADINA - BARCO DI SOTTO - ALBIANO | G30: feriale dal lunedì al sabato | H30: 1 | I30: 19 | J30: 77 | K30: =J30*H30 -> 77 | L30: 29 | N30: D'AMICO VIAGGI S.R.L. | O30: FT467CV | P30: 23 | Q30: FZ194KS (Fersina Tour) | R30: 24 | S30: GG115WS (Giulia sas) | T30: 49 | X30: annuale feriale lu-sa | Y30: 2.24 | AA30: =Y30*J30 -> 172.48 | AB30: da PDF
A31: SERVIZIO ALBIANO LONA LASES | B31: LONA - ALBIANO - GAZZADINA | F31: SERVIZIO A CHIAMATA PROLUNGAMENTO PIAZZOLE | G31: feriale dal lunedì al sabato | H31: 1 | I31: 19 | J31: 77 | K31: =J31*H31 -> 77 | L31: 30 | N31: D'AMICO VIAGGI S.R.L. | O31: FT467CV | P31: 23 | Q31: FZ194KS (Fersina Tour) | R31: 24 | S31: GG115WS (Giulia sas) | T31: 50 | X31: annuale feriale lu-sa | Y31: 2.24 | AA31: =Y31*J31 -> 172.48 | AB31: da PDF
H32: TOTALE KM | K32: =SUM(K2:K31) -> 12055.2 | AA32: =SUM(AA2:AA31) -> 26948.81
